-- phpMyAdmin SQL Dump
-- version 5.1.0
-- https://www.phpmyadmin.net/
--
-- Host: 127.0.0.1
-- Generation Time: Sep 12, 2021 at 10:09 PM
-- Server version: 10.4.19-MariaDB
-- PHP Version: 8.0.6

SET SQL_MODE = "NO_AUTO_VALUE_ON_ZERO";
START TRANSACTION;
SET time_zone = "+00:00";


/*!40101 SET @OLD_CHARACTER_SET_CLIENT=@@CHARACTER_SET_CLIENT */;
/*!40101 SET @OLD_CHARACTER_SET_RESULTS=@@CHARACTER_SET_RESULTS */;
/*!40101 SET @OLD_COLLATION_CONNECTION=@@COLLATION_CONNECTION */;
/*!40101 SET NAMES utf8mb4 */;

--
-- Database: `g4spms`
--

-- --------------------------------------------------------

--
-- Table structure for table `admin`
--

CREATE TABLE `admin` (
  `id` int(11) NOT NULL,
  `name` varchar(255) NOT NULL DEFAULT 'Mr. Admin',
  `email` varchar(255) NOT NULL,
  `password` varchar(255) NOT NULL,
  `university_id` varchar(10) NOT NULL
) ENGINE=InnoDB DEFAULT CHARSET=utf8mb4;

--
-- Dumping data for table `admin`
--

INSERT INTO `admin` (`id`, `name`, `email`, `password`, `university_id`) VALUES
(1, 'Mr. Admin', 'admin@iub.edu.bd', '12345678', 'iub'),
(2, 'MR Admin2', 'admin2@iub.edu.bd', '12345678', 'iub');

-- --------------------------------------------------------

--
-- Table structure for table `assessment`
--

CREATE TABLE `assessment` (
  `id` int(11) NOT NULL,
  `question_number` int(11) NOT NULL,
  `question_content` varchar(255) DEFAULT NULL,
  `type` varchar(20) NOT NULL,
  `mark` int(11) NOT NULL,
  `attendence_number` int(11) DEFAULT NULL,
  `co_number` int(11) NOT NULL,
  `section_id` int(11) NOT NULL
) ENGINE=InnoDB DEFAULT CHARSET=utf8mb4;

--
-- Dumping data for table `assessment`
--

INSERT INTO `assessment` (`id`, `question_number`, `question_content`, `type`, `mark`, `attendence_number`, `co_number`, `section_id`) VALUES
(1, 1, '5e5631f84f444eba38e1c2d8667a6243.png', 'mid', 25, NULL, 1, 1),
(2, 2, NULL, 'mid', 25, NULL, 1, 1),
(3, 3, NULL, 'mid', 30, NULL, 1, 1),
(4, 4, '91b744147f4375d26e33dd1d6676b1e0.png', 'mid', 20, NULL, 2, 1),
(5, 5, NULL, 'mid', 30, NULL, 1, 1),
(6, 6, '2b65f169b01dcf8b46f23154f8b766ce.png', 'mid', 20, NULL, 1, 1),
(7, 1, NULL, 'final', 20, NULL, 1, 1),
(8, 2, NULL, 'final', 15, NULL, 1, 1),
(9, 3, NULL, 'final', 15, NULL, 2, 1),
(10, 4, NULL, 'final', 50, NULL, 3, 1),
(11, 1, NULL, 'lab', 30, NULL, 4, 1),
(12, 1, NULL, 'mid', 25, NULL, 1, 2),
(13, 2, NULL, 'mid', 25, NULL, 1, 2),
(14, 3, NULL, 'mid', 30, NULL, 1, 2),
(15, 4, NULL, 'mid', 20, NULL, 2, 2),
(16, 5, NULL, 'mid', 30, NULL, 1, 2),
(17, 6, NULL, 'mid', 20, NULL, 1, 2),
(18, 1, NULL, 'final', 20, NULL, 1, 2),
(19, 2, NULL, 'final', 15, NULL, 1, 2),
(20, 3, NULL, 'final', 15, NULL, 2, 2),
(21, 4, NULL, 'final', 50, NULL, 3, 2),
(22, 1, NULL, 'lab', 30, NULL, 4, 2),
(23, 1, NULL, 'mid', 25, NULL, 1, 3),
(24, 2, NULL, 'mid', 25, NULL, 1, 3),
(25, 3, NULL, 'mid', 30, NULL, 1, 3),
(26, 4, NULL, 'mid', 20, NULL, 2, 3),
(27, 5, NULL, 'mid', 30, NULL, 1, 3),
(28, 6, NULL, 'mid', 20, NULL, 1, 3),
(29, 1, NULL, 'final', 20, NULL, 1, 3),
(30, 2, NULL, 'final', 15, NULL, 1, 3),
(31, 3, NULL, 'final', 15, NULL, 2, 3),
(32, 4, NULL, 'final', 50, NULL, 3, 3),
(33, 1, NULL, 'lab', 30, NULL, 4, 3),
(34, 1, NULL, 'mid', 25, NULL, 1, 4),
(35, 2, NULL, 'mid', 25, NULL, 1, 4),
(36, 3, NULL, 'mid', 30, NULL, 1, 4),
(37, 4, '0c8c4b82ce3ee7340b8cd76ea0835f54.png', 'mid', 20, NULL, 2, 4),
(38, 5, NULL, 'mid', 30, NULL, 1, 4),
(39, 6, NULL, 'mid', 20, NULL, 1, 4),
(40, 1, NULL, 'final', 20, NULL, 1, 4),
(41, 2, NULL, 'final', 15, NULL, 1, 4),
(42, 3, NULL, 'final', 15, NULL, 2, 4),
(43, 4, NULL, 'final', 50, NULL, 3, 4),
(44, 1, NULL, 'lab', 30, NULL, 4, 4),
(45, 1, NULL, 'mid', 25, NULL, 1, 5),
(46, 2, NULL, 'mid', 25, NULL, 1, 5),
(47, 3, NULL, 'mid', 30, NULL, 1, 5),
(48, 4, NULL, 'mid', 20, NULL, 2, 5),
(49, 5, NULL, 'mid', 30, NULL, 1, 5),
(50, 6, NULL, 'mid', 20, NULL, 1, 5),
(51, 1, NULL, 'final', 20, NULL, 1, 5),
(52, 2, NULL, 'final', 15, NULL, 1, 5),
(53, 3, NULL, 'final', 15, NULL, 2, 5),
(54, 4, NULL, 'final', 50, NULL, 3, 5),
(55, 1, NULL, 'lab', 30, NULL, 4, 5),
(56, 1, NULL, 'mid', 25, NULL, 1, 6),
(57, 2, NULL, 'mid', 25, NULL, 1, 6),
(58, 3, NULL, 'mid', 30, NULL, 1, 6),
(59, 4, NULL, 'mid', 20, NULL, 2, 6),
(60, 5, NULL, 'mid', 30, NULL, 1, 6),
(61, 6, NULL, 'mid', 20, NULL, 1, 6),
(62, 1, NULL, 'final', 20, NULL, 1, 6),
(63, 2, NULL, 'final', 15, NULL, 1, 6),
(64, 3, NULL, 'final', 15, NULL, 2, 6),
(65, 4, NULL, 'final', 50, NULL, 3, 6),
(66, 1, NULL, 'lab', 30, NULL, 4, 6);

-- --------------------------------------------------------

--
-- Table structure for table `co`
--

CREATE TABLE `co` (
  `id` int(11) NOT NULL,
  `indx` int(11) NOT NULL,
  `name` varchar(255) DEFAULT NULL,
  `detail` text DEFAULT NULL,
  `plo_id` int(11) NOT NULL,
  `course_id` varchar(10) NOT NULL,
  `section_id` int(11) DEFAULT NULL
) ENGINE=InnoDB DEFAULT CHARSET=utf8mb4;

--
-- Dumping data for table `co`
--

INSERT INTO `co` (`id`, `indx`, `name`, `detail`, `plo_id`, `course_id`, `section_id`) VALUES
(1, 2, NULL, NULL, 1, 'cse-303', NULL),
(2, 3, NULL, NULL, 1, 'cse-303', NULL),
(3, 1, NULL, NULL, 2, 'cse-303', NULL),
(4, 2, NULL, NULL, 2, 'cse-303', NULL),
(5, 2, NULL, NULL, 3, 'cse-303', NULL),
(6, 1, NULL, NULL, 4, 'cse-303', NULL),
(7, 3, NULL, NULL, 4, 'cse-303', NULL),
(8, 3, NULL, NULL, 6, 'cse-303', NULL),
(9, 4, NULL, NULL, 6, 'cse-303', NULL),
(10, 3, NULL, NULL, 7, 'cse-303', NULL),
(11, 1, NULL, NULL, 12, 'cse-303', NULL),
(12, 1, NULL, NULL, 13, 'cse-303', NULL),
(13, 1, NULL, NULL, 2, 'cse-303', 1),
(14, 2, NULL, NULL, 3, 'cse-303', 1),
(15, 3, NULL, NULL, 4, 'cse-303', 1),
(16, 4, NULL, NULL, 6, 'cse-303', 1),
(17, 1, NULL, NULL, 2, 'cse-303', 2),
(18, 2, NULL, NULL, 3, 'cse-303', 2),
(19, 3, NULL, NULL, 4, 'cse-303', 2),
(20, 4, NULL, NULL, 6, 'cse-303', 2),
(21, 1, NULL, NULL, 2, 'cse-303', 3),
(22, 2, NULL, NULL, 3, 'cse-303', 3),
(23, 3, NULL, NULL, 4, 'cse-303', 3),
(24, 4, NULL, NULL, 6, 'cse-303', 3),
(25, 1, NULL, NULL, 1, 'cse-201', NULL),
(26, 3, NULL, NULL, 1, 'cse-201', NULL),
(27, 5, NULL, NULL, 1, 'cse-201', NULL),
(28, 6, NULL, NULL, 1, 'cse-201', NULL),
(29, 1, NULL, NULL, 3, 'cse-201', NULL),
(30, 2, NULL, NULL, 3, 'cse-201', NULL),
(31, 1, NULL, NULL, 4, 'cse-201', NULL),
(32, 1, NULL, NULL, 5, 'cse-201', NULL),
(33, 2, NULL, NULL, 5, 'cse-201', NULL),
(34, 3, NULL, NULL, 5, 'cse-201', NULL),
(35, 4, NULL, NULL, 5, 'cse-201', NULL),
(36, 1, NULL, NULL, 6, 'cse-201', NULL),
(37, 3, NULL, NULL, 6, 'cse-201', NULL),
(38, 5, NULL, NULL, 6, 'cse-201', NULL),
(39, 1, NULL, NULL, 7, 'cse-201', NULL),
(40, 3, NULL, NULL, 7, 'cse-201', NULL),
(41, 6, NULL, NULL, 7, 'cse-201', NULL),
(42, 1, NULL, NULL, 9, 'cse-201', NULL),
(43, 2, NULL, NULL, 10, 'cse-201', NULL),
(44, 3, NULL, NULL, 11, 'cse-201', NULL),
(45, 2, NULL, NULL, 12, 'cse-201', NULL),
(46, 4, NULL, NULL, 12, 'cse-201', NULL),
(47, 1, NULL, NULL, 9, 'cse-201', 4),
(48, 2, NULL, NULL, 10, 'cse-201', 4),
(49, 3, NULL, NULL, 11, 'cse-201', 4),
(50, 4, NULL, NULL, 12, 'cse-201', 4),
(51, 1, NULL, NULL, 9, 'cse-201', 5),
(52, 2, NULL, NULL, 10, 'cse-201', 5),
(53, 3, NULL, NULL, 11, 'cse-201', 5),
(54, 4, NULL, NULL, 12, 'cse-201', 5),
(55, 1, NULL, NULL, 9, 'cse-201', 6),
(56, 2, NULL, NULL, 10, 'cse-201', 6),
(57, 3, NULL, NULL, 11, 'cse-201', 6),
(58, 4, NULL, NULL, 12, 'cse-201', 6);

-- --------------------------------------------------------

--
-- Table structure for table `course`
--

CREATE TABLE `course` (
  `id` varchar(10) NOT NULL,
  `name` varchar(255) NOT NULL,
  `credits` float NOT NULL,
  `level` int(11) NOT NULL,
  `total_co` int(11) NOT NULL,
  `program_id` int(11) NOT NULL
) ENGINE=InnoDB DEFAULT CHARSET=utf8mb4;

--
-- Dumping data for table `course`
--

INSERT INTO `course` (`id`, `name`, `credits`, `level`, `total_co`, `program_id`) VALUES
('cse-201', 'Discrete Mathematics', 3, 200, 6, 1),
('cse-303', 'Database Management', 3, 300, 4, 1);

-- --------------------------------------------------------

--
-- Table structure for table `department`
--

CREATE TABLE `department` (
  `id` varchar(10) NOT NULL,
  `name` varchar(255) NOT NULL,
  `head` varchar(255) DEFAULT NULL,
  `head_id` int(11) DEFAULT NULL,
  `school_id` int(11) NOT NULL
) ENGINE=InnoDB DEFAULT CHARSET=utf8mb4;

--
-- Dumping data for table `department`
--

INSERT INTO `department` (`id`, `name`, `head`, `head_id`, `school_id`) VALUES
('cse', 'Computer Science & Engineering', 'Mr Smith', NULL, 1);

-- --------------------------------------------------------

--
-- Table structure for table `enrollment`
--

CREATE TABLE `enrollment` (
  `id` int(11) NOT NULL,
  `student_id` int(11) NOT NULL,
  `section_id` int(11) NOT NULL
) ENGINE=InnoDB DEFAULT CHARSET=utf8mb4;

--
-- Dumping data for table `enrollment`
--

INSERT INTO `enrollment` (`id`, `student_id`, `section_id`) VALUES
(1, 1416455, 1),
(2, 1579288, 1),
(3, 1625654, 1),
(4, 1665555, 1),
(5, 1613273, 1),
(6, 1623112, 1),
(7, 1696326, 1),
(8, 1646434, 1),
(9, 1614142, 1),
(10, 1654432, 1),
(11, 1661638, 1),
(12, 1686272, 1),
(13, 1778274, 1),
(14, 1795656, 1),
(15, 1747457, 1),
(16, 1798883, 1),
(17, 1766156, 1),
(18, 1715578, 1),
(19, 1745484, 1),
(20, 1788337, 1),
(21, 1728439, 1),
(22, 1711619, 1),
(23, 1711729, 1),
(24, 1892367, 1),
(25, 1872128, 1),
(26, 1868128, 1),
(27, 1845457, 1),
(28, 1633554, 2),
(29, 1645333, 2),
(30, 1691291, 2),
(31, 1641252, 2),
(32, 1695837, 2),
(33, 1668314, 2),
(34, 1665491, 2),
(35, 1763881, 2),
(36, 1773277, 2),
(37, 1759787, 2),
(38, 1743714, 2),
(39, 1728125, 2),
(40, 1783512, 2),
(41, 1768463, 2),
(42, 1797625, 2),
(43, 1754681, 2),
(44, 1769463, 2),
(45, 1731817, 2),
(46, 1791753, 2),
(47, 1712983, 2),
(48, 1784847, 2),
(49, 1789481, 2),
(50, 1773384, 2),
(51, 1762565, 2),
(52, 1835874, 2),
(53, 1886577, 2),
(54, 1834433, 2),
(55, 1855787, 2),
(56, 1893863, 2),
(57, 1842333, 2),
(58, 1528882, 3),
(59, 1653725, 3),
(60, 1669953, 3),
(61, 1616161, 3),
(62, 1662147, 3),
(63, 1691483, 3),
(64, 1674181, 3),
(65, 1612985, 3),
(66, 1622731, 3),
(67, 1678812, 3),
(68, 1614733, 3),
(69, 1634352, 3),
(70, 1729416, 3),
(71, 1781682, 3),
(72, 1772947, 3),
(73, 1752538, 3),
(74, 1731852, 3),
(75, 1766176, 3),
(76, 1742892, 3),
(77, 1736425, 3),
(78, 1718437, 3),
(79, 1737824, 3),
(80, 1797789, 3),
(81, 1728139, 3),
(82, 1898334, 3),
(83, 1863951, 3),
(84, 1835298, 3),
(85, 1849651, 3),
(86, 1887973, 3),
(87, 1877262, 3),
(88, 1873255, 3),
(89, 1416455, 4),
(90, 1579288, 4),
(91, 1625654, 4),
(92, 1665555, 4),
(93, 1613273, 4),
(94, 1623112, 4),
(95, 1696326, 4),
(96, 1646434, 4),
(97, 1614142, 4),
(98, 1654432, 4),
(99, 1661638, 4),
(100, 1686272, 4),
(101, 1778274, 4),
(102, 1795656, 4),
(103, 1747457, 4),
(104, 1798883, 4),
(105, 1766156, 4),
(106, 1715578, 4),
(107, 1745484, 4),
(108, 1788337, 4),
(109, 1728439, 4),
(110, 1711619, 4),
(111, 1711729, 4),
(112, 1892367, 4),
(113, 1872128, 4),
(114, 1868128, 4),
(115, 1845457, 4),
(116, 1633554, 5),
(117, 1645333, 5),
(118, 1691291, 5),
(119, 1641252, 5),
(120, 1695837, 5),
(121, 1668314, 5),
(122, 1665491, 5),
(123, 1763881, 5),
(124, 1773277, 5),
(125, 1759787, 5),
(126, 1743714, 5),
(127, 1728125, 5),
(128, 1783512, 5),
(129, 1768463, 5),
(130, 1797625, 5),
(131, 1754681, 5),
(132, 1769463, 5),
(133, 1731817, 5),
(134, 1791753, 5),
(135, 1712983, 5),
(136, 1784847, 5),
(137, 1789481, 5),
(138, 1773384, 5),
(139, 1762565, 5),
(140, 1835874, 5),
(141, 1886577, 5),
(142, 1834433, 5),
(143, 1855787, 5),
(144, 1893863, 5),
(145, 1842333, 5),
(146, 1528882, 6),
(147, 1653725, 6),
(148, 1669953, 6),
(149, 1616161, 6),
(150, 1662147, 6),
(151, 1691483, 6),
(152, 1674181, 6),
(153, 1612985, 6),
(154, 1622731, 6),
(155, 1678812, 6),
(156, 1614733, 6),
(157, 1634352, 6),
(158, 1729416, 6),
(159, 1781682, 6),
(160, 1772947, 6),
(161, 1752538, 6),
(162, 1731852, 6),
(163, 1766176, 6),
(164, 1742892, 6),
(165, 1736425, 6),
(166, 1718437, 6),
(167, 1737824, 6),
(168, 1797789, 6),
(169, 1728139, 6),
(170, 1898334, 6),
(171, 1863951, 6),
(172, 1835298, 6),
(173, 1849651, 6),
(174, 1887973, 6),
(175, 1877262, 6),
(176, 1873255, 6);

-- --------------------------------------------------------

--
-- Table structure for table `evaluation`
--

CREATE TABLE `evaluation` (
  `id` int(11) NOT NULL,
  `enrollment_id` int(11) NOT NULL,
  `assessment_id` int(11) NOT NULL,
  `obtained_mark` int(11) NOT NULL,
  `attendence_percentage` int(11) DEFAULT NULL
) ENGINE=InnoDB DEFAULT CHARSET=utf8mb4;

--
-- Dumping data for table `evaluation`
--

INSERT INTO `evaluation` (`id`, `enrollment_id`, `assessment_id`, `obtained_mark`, `attendence_percentage`) VALUES
(1, 1, 1, 15, NULL),
(2, 1, 2, 0, NULL),
(3, 1, 3, 5, NULL),
(4, 1, 4, 15, NULL),
(5, 1, 5, 2, NULL),
(6, 1, 6, 7, NULL),
(7, 2, 1, 0, NULL),
(8, 2, 2, 0, NULL),
(9, 2, 3, 18, NULL),
(10, 2, 4, 0, NULL),
(11, 2, 5, 5, NULL),
(12, 2, 6, 12, NULL),
(13, 5, 1, 0, NULL),
(14, 5, 2, 0, NULL),
(15, 5, 3, 0, NULL),
(16, 5, 4, 16, NULL),
(17, 5, 5, 0, NULL),
(18, 5, 6, 4, NULL),
(19, 9, 1, 0, NULL),
(20, 9, 2, 0, NULL),
(21, 9, 3, 10, NULL),
(22, 9, 4, 16, NULL),
(23, 9, 5, 9, NULL),
(24, 9, 6, 10, NULL),
(25, 6, 1, 0, NULL),
(26, 6, 2, 0, NULL),
(27, 6, 3, 15, NULL),
(28, 6, 4, 16, NULL),
(29, 6, 5, 10, NULL),
(30, 6, 6, 8, NULL),
(31, 3, 1, 5, NULL),
(32, 3, 2, 15, NULL),
(33, 3, 3, 20, NULL),
(34, 3, 4, 0, NULL),
(35, 3, 5, 0, NULL),
(36, 3, 6, 0, NULL),
(37, 8, 1, 0, NULL),
(38, 8, 2, 0, NULL),
(39, 8, 3, 0, NULL),
(40, 8, 4, 0, NULL),
(41, 8, 5, 0, NULL),
(42, 8, 6, 0, NULL),
(43, 10, 1, 18, NULL),
(44, 10, 2, 0, NULL),
(45, 10, 3, 20, NULL),
(46, 10, 4, 18, NULL),
(47, 10, 5, 17, NULL),
(48, 10, 6, 14, NULL),
(49, 11, 1, 15, NULL),
(50, 11, 2, 5, NULL),
(51, 11, 3, 10, NULL),
(52, 11, 4, 0, NULL),
(53, 11, 5, 0, NULL),
(54, 11, 6, 15, NULL),
(55, 4, 1, 10, NULL),
(56, 4, 2, 0, NULL),
(57, 4, 3, 15, NULL),
(58, 4, 4, 6, NULL),
(59, 4, 5, 2, NULL),
(60, 4, 6, 0, NULL),
(61, 12, 1, 0, NULL),
(62, 12, 2, 0, NULL),
(63, 12, 3, 0, NULL),
(64, 12, 4, 14, NULL),
(65, 12, 5, 0, NULL),
(66, 12, 6, 0, NULL),
(67, 7, 1, 0, NULL),
(68, 7, 2, 0, NULL),
(69, 7, 3, 10, NULL),
(70, 7, 4, 16, NULL),
(71, 7, 5, 1, NULL),
(72, 7, 6, 9, NULL),
(73, 22, 1, 5, NULL),
(74, 22, 2, 5, NULL),
(75, 22, 3, 22, NULL),
(76, 22, 4, 0, NULL),
(77, 22, 5, 14, NULL),
(78, 22, 6, 18, NULL),
(79, 23, 1, 0, NULL),
(80, 23, 2, 0, NULL),
(81, 23, 3, 0, NULL),
(82, 23, 4, 0, NULL),
(83, 23, 5, 0, NULL),
(84, 23, 6, 6, NULL),
(85, 18, 1, 0, NULL),
(86, 18, 2, 10, NULL),
(87, 18, 3, 10, NULL),
(88, 18, 4, 18, NULL),
(89, 18, 5, 10, NULL),
(90, 18, 6, 5, NULL),
(91, 21, 1, 0, NULL),
(92, 21, 2, 0, NULL),
(93, 21, 3, 24, NULL),
(94, 21, 4, 0, NULL),
(95, 21, 5, 20, NULL),
(96, 21, 6, 14, NULL),
(97, 19, 1, 0, NULL),
(98, 19, 2, 7, NULL),
(99, 19, 3, 0, NULL),
(100, 19, 4, 0, NULL),
(101, 19, 5, 3, NULL),
(102, 19, 6, 9, NULL),
(103, 15, 1, 0, NULL),
(104, 15, 2, 0, NULL),
(105, 15, 3, 0, NULL),
(106, 15, 4, 0, NULL),
(107, 15, 5, 13, NULL),
(108, 15, 6, 1, NULL),
(109, 17, 1, 14, NULL),
(110, 17, 2, 0, NULL),
(111, 17, 3, 20, NULL),
(112, 17, 4, 20, NULL),
(113, 17, 5, 18, NULL),
(114, 17, 6, 0, NULL),
(115, 13, 1, 0, NULL),
(116, 13, 2, 7, NULL),
(117, 13, 3, 15, NULL),
(118, 13, 4, 14, NULL),
(119, 13, 5, 6, NULL),
(120, 13, 6, 4, NULL),
(121, 20, 1, 18, NULL),
(122, 20, 2, 18, NULL),
(123, 20, 3, 24, NULL),
(124, 20, 4, 0, NULL),
(125, 20, 5, 8, NULL),
(126, 20, 6, 17, NULL),
(127, 14, 1, 10, NULL),
(128, 14, 2, 3, NULL),
(129, 14, 3, 20, NULL),
(130, 14, 4, 19, NULL),
(131, 14, 5, 4, NULL),
(132, 14, 6, 5, NULL),
(133, 16, 1, 5, NULL),
(134, 16, 2, 0, NULL),
(135, 16, 3, 15, NULL),
(136, 16, 4, 0, NULL),
(137, 16, 5, 3, NULL),
(138, 16, 6, 10, NULL),
(139, 27, 1, 0, NULL),
(140, 27, 2, 0, NULL),
(141, 27, 3, 20, NULL),
(142, 27, 4, 0, NULL),
(143, 27, 5, 0, NULL),
(144, 27, 6, 0, NULL),
(145, 26, 1, 15, NULL),
(146, 26, 2, 15, NULL),
(147, 26, 3, 24, NULL),
(148, 26, 4, 15, NULL),
(149, 26, 5, 4, NULL),
(150, 26, 6, 15, NULL),
(151, 25, 1, 0, NULL),
(152, 25, 2, 0, NULL),
(153, 25, 3, 22, NULL),
(154, 25, 4, 16, NULL),
(155, 25, 5, 10, NULL),
(156, 25, 6, 6, NULL),
(157, 24, 1, 0, NULL),
(158, 24, 2, 0, NULL),
(159, 24, 3, 24, NULL),
(160, 24, 4, 16, NULL),
(161, 24, 5, 12, NULL),
(162, 24, 6, 7, NULL),
(163, 1, 7, 13, NULL),
(164, 1, 8, 13, NULL),
(165, 1, 9, 11, NULL),
(166, 1, 10, 28, NULL),
(167, 2, 7, 0, NULL),
(168, 2, 8, 10, NULL),
(169, 2, 9, 13, NULL),
(170, 2, 10, 23, NULL),
(171, 3, 7, 8, NULL),
(172, 3, 8, 10, NULL),
(173, 3, 9, 10, NULL),
(174, 3, 10, 4, NULL),
(175, 4, 7, 13, NULL),
(176, 4, 8, 12, NULL),
(177, 4, 9, 13, NULL),
(178, 4, 10, 4, NULL),
(179, 5, 7, 9, NULL),
(180, 5, 8, 13, NULL),
(181, 5, 9, 12, NULL),
(182, 5, 10, 4, NULL),
(183, 6, 7, 9, NULL),
(184, 6, 8, 12, NULL),
(185, 6, 9, 12, NULL),
(186, 6, 10, 12, NULL),
(187, 7, 7, 9, NULL),
(188, 7, 8, 12, NULL),
(189, 7, 9, 13, NULL),
(190, 7, 10, 26, NULL),
(191, 8, 7, 9, NULL),
(192, 8, 8, 13, NULL),
(193, 8, 9, 11, NULL),
(194, 8, 10, 26, NULL),
(195, 9, 7, 9, NULL),
(196, 9, 8, 13, NULL),
(197, 9, 9, 10, NULL),
(198, 9, 10, 26, NULL),
(199, 10, 7, 9, NULL),
(200, 10, 8, 12, NULL),
(201, 10, 9, 0, NULL),
(202, 10, 10, 26, NULL),
(203, 11, 7, 14, NULL),
(204, 11, 8, 10, NULL),
(205, 11, 9, 10, NULL),
(206, 11, 10, 13, NULL),
(207, 12, 7, 9, NULL),
(208, 12, 8, 13, NULL),
(209, 12, 9, 10, NULL),
(210, 12, 10, 26, NULL),
(211, 13, 7, 9, NULL),
(212, 13, 8, 5, NULL),
(213, 13, 9, 9, NULL),
(214, 13, 10, 22, NULL),
(215, 14, 7, 9, NULL),
(216, 14, 8, 10, NULL),
(217, 14, 9, 10, NULL),
(218, 14, 10, 19, NULL),
(219, 15, 7, 13, NULL),
(220, 15, 8, 11, NULL),
(221, 15, 9, 12, NULL),
(222, 15, 10, 19, NULL),
(223, 16, 7, 14, NULL),
(224, 16, 8, 11, NULL),
(225, 16, 9, 12, NULL),
(226, 16, 10, 19, NULL),
(227, 17, 7, 12, NULL),
(228, 17, 8, 8, NULL),
(229, 17, 9, 10, NULL),
(230, 17, 10, 6, NULL),
(231, 18, 7, 19, NULL),
(232, 18, 8, 12, NULL),
(233, 18, 9, 12, NULL),
(234, 18, 10, 26, NULL),
(235, 19, 7, 0, NULL),
(236, 19, 8, 0, NULL),
(237, 19, 9, 0, NULL),
(238, 19, 10, 0, NULL),
(239, 20, 7, 15, NULL),
(240, 20, 8, 13, NULL),
(241, 20, 9, 13, NULL),
(242, 20, 10, 20, NULL),
(243, 21, 7, 14, NULL),
(244, 21, 8, 13, NULL),
(245, 21, 9, 12, NULL),
(246, 21, 10, 20, NULL),
(247, 22, 7, 16, NULL),
(248, 22, 8, 12, NULL),
(249, 22, 9, 11, NULL),
(250, 22, 10, 11, NULL),
(251, 23, 7, 8, NULL),
(252, 23, 8, 11, NULL),
(253, 23, 9, 13, NULL),
(254, 23, 10, 6, NULL),
(255, 24, 7, 10, NULL),
(256, 24, 8, 13, NULL),
(257, 24, 9, 13, NULL),
(258, 24, 10, 34, NULL),
(259, 25, 7, 10, NULL),
(260, 25, 8, 13, NULL),
(261, 25, 9, 15, NULL),
(262, 25, 10, 24, NULL),
(263, 26, 7, 18, NULL),
(264, 26, 8, 13, NULL),
(265, 26, 9, 11, NULL),
(266, 26, 10, 27, NULL),
(267, 27, 7, 0, NULL),
(268, 27, 8, 0, NULL),
(269, 27, 9, 0, NULL),
(270, 27, 10, 0, NULL),
(271, 1, 11, 24, NULL),
(272, 2, 11, 23, NULL),
(273, 3, 11, 24, NULL),
(274, 4, 11, 27, NULL),
(275, 5, 11, 12, NULL),
(276, 6, 11, 12, NULL),
(277, 7, 11, 12, NULL),
(278, 8, 11, 12, NULL),
(279, 9, 11, 12, NULL),
(280, 10, 11, 25, NULL),
(281, 11, 11, 20, NULL),
(282, 12, 11, 12, NULL),
(283, 13, 11, 27, NULL),
(284, 14, 11, 25, NULL),
(285, 15, 11, 27, NULL),
(286, 16, 11, 20, NULL),
(287, 17, 11, 0, NULL),
(288, 18, 11, 26, NULL),
(289, 19, 11, 0, NULL),
(290, 20, 11, 23, NULL),
(291, 21, 11, 22, NULL),
(292, 22, 11, 27, NULL),
(293, 23, 11, 0, NULL),
(294, 24, 11, 29, NULL),
(295, 25, 11, 27, NULL),
(296, 26, 11, 27, NULL),
(297, 27, 11, 0, NULL),
(298, 28, 12, 0, NULL),
(299, 28, 13, 10, NULL),
(300, 28, 14, 5, NULL),
(301, 28, 15, 15, NULL),
(302, 28, 16, 0, NULL),
(303, 28, 17, 0, NULL),
(304, 31, 12, 22, NULL),
(305, 31, 13, 22, NULL),
(306, 31, 14, 24, NULL),
(307, 31, 15, 14, NULL),
(308, 31, 16, 25, NULL),
(309, 31, 17, 17, NULL),
(310, 29, 12, 22, NULL),
(311, 29, 13, 0, NULL),
(312, 29, 14, 23, NULL),
(313, 29, 15, 16, NULL),
(314, 29, 16, 15, NULL),
(315, 29, 17, 13, NULL),
(316, 34, 12, 18, NULL),
(317, 34, 13, 0, NULL),
(318, 34, 14, 20, NULL),
(319, 34, 15, 16, NULL),
(320, 34, 16, 0, NULL),
(321, 34, 17, 5, NULL),
(322, 33, 12, 0, NULL),
(323, 33, 13, 0, NULL),
(324, 33, 14, 0, NULL),
(325, 33, 15, 0, NULL),
(326, 33, 16, 0, NULL),
(327, 33, 17, 0, NULL),
(328, 30, 12, 6, NULL),
(329, 30, 13, 10, NULL),
(330, 30, 14, 0, NULL),
(331, 30, 15, 0, NULL),
(332, 30, 16, 2, NULL),
(333, 30, 17, 11, NULL),
(334, 32, 12, 19, NULL),
(335, 32, 13, 0, NULL),
(336, 32, 14, 24, NULL),
(337, 32, 15, 0, NULL),
(338, 32, 16, 5, NULL),
(339, 32, 17, 7, NULL),
(340, 47, 12, 8, NULL),
(341, 47, 13, 10, NULL),
(342, 47, 14, 22, NULL),
(343, 47, 15, 0, NULL),
(344, 47, 16, 20, NULL),
(345, 47, 17, 13, NULL),
(346, 39, 12, 15, NULL),
(347, 39, 13, 0, NULL),
(348, 39, 14, 24, NULL),
(349, 39, 15, 16, NULL),
(350, 39, 16, 0, NULL),
(351, 39, 17, 18, NULL),
(352, 45, 12, 22, NULL),
(353, 45, 13, 18, NULL),
(354, 45, 14, 22, NULL),
(355, 45, 15, 16, NULL),
(356, 45, 16, 27, NULL),
(357, 45, 17, 16, NULL),
(358, 38, 12, 8, NULL),
(359, 38, 13, 0, NULL),
(360, 38, 14, 20, NULL),
(361, 38, 15, 0, NULL),
(362, 38, 16, 3, NULL),
(363, 38, 17, 2, NULL),
(364, 43, 12, 18, NULL),
(365, 43, 13, 15, NULL),
(366, 43, 14, 27, NULL),
(367, 43, 15, 18, NULL),
(368, 43, 16, 5, NULL),
(369, 43, 17, 19, NULL),
(370, 37, 12, 13, NULL),
(371, 37, 13, 0, NULL),
(372, 37, 14, 20, NULL),
(373, 37, 15, 0, NULL),
(374, 37, 16, 5, NULL),
(375, 37, 17, 10, NULL),
(376, 51, 12, 6, NULL),
(377, 51, 13, 22, NULL),
(378, 51, 14, 0, NULL),
(379, 51, 15, 0, NULL),
(380, 51, 16, 15, NULL),
(381, 51, 17, 4, NULL),
(382, 35, 12, 0, NULL),
(383, 35, 13, 0, NULL),
(384, 35, 14, 27, NULL),
(385, 35, 15, 0, NULL),
(386, 35, 16, 0, NULL),
(387, 35, 17, 15, NULL),
(388, 41, 12, 10, NULL),
(389, 41, 13, 0, NULL),
(390, 41, 14, 20, NULL),
(391, 41, 15, 16, NULL),
(392, 41, 16, 0, NULL),
(393, 41, 17, 11, NULL),
(394, 44, 12, 20, NULL),
(395, 44, 13, 0, NULL),
(396, 44, 14, 0, NULL),
(397, 44, 15, 0, NULL),
(398, 44, 16, 0, NULL),
(399, 44, 17, 0, NULL),
(400, 36, 12, 17, NULL),
(401, 36, 13, 0, NULL),
(402, 36, 14, 22, NULL),
(403, 36, 15, 18, NULL),
(404, 36, 16, 0, NULL),
(405, 36, 17, 0, NULL),
(406, 50, 12, 15, NULL),
(407, 50, 13, 0, NULL),
(408, 50, 14, 20, NULL),
(409, 50, 15, 0, NULL),
(410, 50, 16, 0, NULL),
(411, 50, 17, 9, NULL),
(412, 40, 12, 10, NULL),
(413, 40, 13, 0, NULL),
(414, 40, 14, 22, NULL),
(415, 40, 15, 16, NULL),
(416, 40, 16, 0, NULL),
(417, 40, 17, 13, NULL),
(418, 48, 12, 23, NULL),
(419, 48, 13, 15, NULL),
(420, 48, 14, 20, NULL),
(421, 48, 15, 0, NULL),
(422, 48, 16, 28, NULL),
(423, 48, 17, 19, NULL),
(424, 49, 12, 22, NULL),
(425, 49, 13, 19, NULL),
(426, 49, 14, 24, NULL),
(427, 49, 15, 0, NULL),
(428, 49, 16, 27, NULL),
(429, 49, 17, 17, NULL),
(430, 46, 12, 20, NULL),
(431, 46, 13, 18, NULL),
(432, 46, 14, 22, NULL),
(433, 46, 15, 15, NULL),
(434, 46, 16, 17, NULL),
(435, 46, 17, 15, NULL),
(436, 42, 12, 15, NULL),
(437, 42, 13, 0, NULL),
(438, 42, 14, 22, NULL),
(439, 42, 15, 0, NULL),
(440, 42, 16, 14, NULL),
(441, 42, 17, 14, NULL),
(442, 54, 12, 22, NULL),
(443, 54, 13, 20, NULL),
(444, 54, 14, 27, NULL),
(445, 54, 15, 18, NULL),
(446, 54, 16, 22, NULL),
(447, 54, 17, 19, NULL),
(448, 52, 12, 18, NULL),
(449, 52, 13, 25, NULL),
(450, 52, 14, 10, NULL),
(451, 52, 15, 0, NULL),
(452, 52, 16, 0, NULL),
(453, 52, 17, 0, NULL),
(454, 57, 12, 20, NULL),
(455, 57, 13, 0, NULL),
(456, 57, 14, 15, NULL),
(457, 57, 15, 14, NULL),
(458, 57, 16, 6, NULL),
(459, 57, 17, 0, NULL),
(460, 55, 12, 20, NULL),
(461, 55, 13, 15, NULL),
(462, 55, 14, 26, NULL),
(463, 55, 15, 10, NULL),
(464, 55, 16, 0, NULL),
(465, 55, 17, 0, NULL),
(466, 53, 12, 17, NULL),
(467, 53, 13, 7, NULL),
(468, 53, 14, 20, NULL),
(469, 53, 15, 10, NULL),
(470, 53, 16, 7, NULL),
(471, 53, 17, 18, NULL),
(472, 56, 12, 0, NULL),
(473, 56, 13, 0, NULL),
(474, 56, 14, 20, NULL),
(475, 56, 15, 6, NULL),
(476, 56, 16, 0, NULL),
(477, 56, 17, 0, NULL),
(478, 28, 18, 0, NULL),
(479, 28, 19, 0, NULL),
(480, 28, 20, 0, NULL),
(481, 28, 21, 0, NULL),
(482, 29, 18, 10, NULL),
(483, 29, 19, 12, NULL),
(484, 29, 20, 11, NULL),
(485, 29, 21, 18, NULL),
(486, 30, 18, 17, NULL),
(487, 30, 19, 10, NULL),
(488, 30, 20, 10, NULL),
(489, 30, 21, 17, NULL),
(490, 31, 18, 15, NULL),
(491, 31, 19, 14, NULL),
(492, 31, 20, 11, NULL),
(493, 31, 21, 22, NULL),
(494, 32, 18, 14, NULL),
(495, 32, 19, 5, NULL),
(496, 32, 20, 9, NULL),
(497, 32, 21, 25, NULL),
(498, 33, 18, 17, NULL),
(499, 33, 19, 5, NULL),
(500, 33, 20, 11, NULL),
(501, 33, 21, 27, NULL),
(502, 34, 18, 14, NULL),
(503, 34, 19, 13, NULL),
(504, 34, 20, 10, NULL),
(505, 34, 21, 6, NULL),
(506, 35, 18, 0, NULL),
(507, 35, 19, 0, NULL),
(508, 35, 20, 0, NULL),
(509, 35, 21, 0, NULL),
(510, 36, 18, 14, NULL),
(511, 36, 19, 13, NULL),
(512, 36, 20, 13, NULL),
(513, 36, 21, 18, NULL),
(514, 37, 18, 0, NULL),
(515, 37, 19, 0, NULL),
(516, 37, 20, 0, NULL),
(517, 37, 21, 0, NULL),
(518, 38, 18, 16, NULL),
(519, 38, 19, 0, NULL),
(520, 38, 20, 11, NULL),
(521, 38, 21, 12, NULL),
(522, 39, 18, 18, NULL),
(523, 39, 19, 0, NULL),
(524, 39, 20, 8, NULL),
(525, 39, 21, 20, NULL),
(526, 40, 18, 10, NULL),
(527, 40, 19, 10, NULL),
(528, 40, 20, 12, NULL),
(529, 40, 21, 28, NULL),
(530, 41, 18, 14, NULL),
(531, 41, 19, 10, NULL),
(532, 41, 20, 11, NULL),
(533, 41, 21, 21, NULL),
(534, 42, 18, 14, NULL),
(535, 42, 19, 10, NULL),
(536, 42, 20, 11, NULL),
(537, 42, 21, 19, NULL),
(538, 43, 18, 10, NULL),
(539, 43, 19, 0, NULL),
(540, 43, 20, 15, NULL),
(541, 43, 21, 29, NULL),
(542, 44, 18, 0, NULL),
(543, 44, 19, 0, NULL),
(544, 44, 20, 0, NULL),
(545, 44, 21, 0, NULL),
(546, 45, 18, 18, NULL),
(547, 45, 19, 11, NULL),
(548, 45, 20, 10, NULL),
(549, 45, 21, 8, NULL),
(550, 46, 18, 18, NULL),
(551, 46, 19, 13, NULL),
(552, 46, 20, 11, NULL),
(553, 46, 21, 15, NULL),
(554, 47, 18, 17, NULL),
(555, 47, 19, 10, NULL),
(556, 47, 20, 10, NULL),
(557, 47, 21, 30, NULL),
(558, 48, 18, 17, NULL),
(559, 48, 19, 13, NULL),
(560, 48, 20, 11, NULL),
(561, 48, 21, 27, NULL),
(562, 49, 18, 19, NULL),
(563, 49, 19, 12, NULL),
(564, 49, 20, 10, NULL),
(565, 49, 21, 21, NULL),
(566, 50, 18, 14, NULL),
(567, 50, 19, 8, NULL),
(568, 50, 20, 11, NULL),
(569, 50, 21, 18, NULL),
(570, 51, 18, 18, NULL),
(571, 51, 19, 10, NULL),
(572, 51, 20, 11, NULL),
(573, 51, 21, 17, NULL),
(574, 52, 18, 18, NULL),
(575, 52, 19, 10, NULL),
(576, 52, 20, 11, NULL),
(577, 52, 21, 19, NULL),
(578, 53, 18, 14, NULL),
(579, 53, 19, 5, NULL),
(580, 53, 20, 14, NULL),
(581, 53, 21, 22, NULL),
(582, 54, 18, 18, NULL),
(583, 54, 19, 12, NULL),
(584, 54, 20, 8, NULL),
(585, 54, 21, 25, NULL),
(586, 55, 18, 9, NULL),
(587, 55, 19, 13, NULL),
(588, 55, 20, 14, NULL),
(589, 55, 21, 15, NULL),
(590, 56, 18, 0, NULL),
(591, 56, 19, 0, NULL),
(592, 56, 20, 0, NULL),
(593, 56, 21, 0, NULL),
(594, 57, 18, 14, NULL),
(595, 57, 19, 12, NULL),
(596, 57, 20, 11, NULL),
(597, 57, 21, 15, NULL),
(598, 28, 22, 0, NULL),
(599, 29, 22, 23, NULL),
(600, 30, 22, 30, NULL),
(601, 31, 22, 34, NULL),
(602, 32, 22, 24, NULL),
(603, 33, 22, 11, NULL),
(604, 34, 22, 23, NULL),
(605, 35, 22, 0, NULL),
(606, 36, 22, 23, NULL),
(607, 37, 22, 0, NULL),
(608, 38, 22, 11, NULL),
(609, 39, 22, 11, NULL),
(610, 40, 22, 11, NULL),
(611, 41, 22, 11, NULL),
(612, 42, 22, 11, NULL),
(613, 43, 22, 23, NULL),
(614, 44, 22, 0, NULL),
(615, 45, 22, 34, NULL),
(616, 46, 22, 34, NULL),
(617, 47, 22, 23, NULL),
(618, 48, 22, 34, NULL),
(619, 49, 22, 34, NULL),
(620, 50, 22, 25, NULL),
(621, 51, 22, 31, NULL),
(622, 52, 22, 31, NULL),
(623, 53, 22, 30, NULL),
(624, 54, 22, 31, NULL),
(625, 55, 22, 23, NULL),
(626, 56, 22, 0, NULL),
(627, 57, 22, 25, NULL),
(628, 58, 23, 15, NULL),
(629, 58, 24, 7, NULL),
(630, 58, 25, 0, NULL),
(631, 58, 26, 0, NULL),
(632, 58, 27, 0, NULL),
(633, 58, 28, 4, NULL),
(634, 65, 23, 0, NULL),
(635, 65, 24, 0, NULL),
(636, 65, 25, 22, NULL),
(637, 65, 26, 12, NULL),
(638, 65, 27, 0, NULL),
(639, 65, 28, 8, NULL),
(640, 68, 23, 0, NULL),
(641, 68, 24, 0, NULL),
(642, 68, 25, 0, NULL),
(643, 68, 26, 0, NULL),
(644, 68, 27, 0, NULL),
(645, 68, 28, 0, NULL),
(646, 61, 23, 0, NULL),
(647, 61, 24, 0, NULL),
(648, 61, 25, 18, NULL),
(649, 61, 26, 11, NULL),
(650, 61, 27, 20, NULL),
(651, 61, 28, 20, NULL),
(652, 66, 23, 0, NULL),
(653, 66, 24, 0, NULL),
(654, 66, 25, 0, NULL),
(655, 66, 26, 0, NULL),
(656, 66, 27, 0, NULL),
(657, 66, 28, 0, NULL),
(658, 69, 23, 10, NULL),
(659, 69, 24, 10, NULL),
(660, 69, 25, 15, NULL),
(661, 69, 26, 6, NULL),
(662, 69, 27, 6, NULL),
(663, 69, 28, 13, NULL),
(664, 59, 23, 0, NULL),
(665, 59, 24, 0, NULL),
(666, 59, 25, 0, NULL),
(667, 59, 26, 0, NULL),
(668, 59, 27, 0, NULL),
(669, 59, 28, 0, NULL),
(670, 62, 23, 15, NULL),
(671, 62, 24, 0, NULL),
(672, 62, 25, 0, NULL),
(673, 62, 26, 5, NULL),
(674, 62, 27, 0, NULL),
(675, 62, 28, 5, NULL),
(676, 60, 23, 0, NULL),
(677, 60, 24, 0, NULL),
(678, 60, 25, 5, NULL),
(679, 60, 26, 0, NULL),
(680, 60, 27, 0, NULL),
(681, 60, 28, 0, NULL),
(682, 64, 23, 20, NULL),
(683, 64, 24, 0, NULL),
(684, 64, 25, 5, NULL),
(685, 64, 26, 5, NULL),
(686, 64, 27, 0, NULL),
(687, 64, 28, 8, NULL),
(688, 67, 23, 0, NULL),
(689, 67, 24, 0, NULL),
(690, 67, 25, 0, NULL),
(691, 67, 26, 16, NULL),
(692, 67, 27, 1, NULL),
(693, 67, 28, 0, NULL),
(694, 63, 23, 0, NULL),
(695, 63, 24, 0, NULL),
(696, 63, 25, 20, NULL),
(697, 63, 26, 15, NULL),
(698, 63, 27, 0, NULL),
(699, 63, 28, 0, NULL),
(700, 78, 23, 18, NULL),
(701, 78, 24, 0, NULL),
(702, 78, 25, 22, NULL),
(703, 78, 26, 12, NULL),
(704, 78, 27, 20, NULL),
(705, 78, 28, 20, NULL),
(706, 81, 23, 5, NULL),
(707, 81, 24, 0, NULL),
(708, 81, 25, 10, NULL),
(709, 81, 26, 0, NULL),
(710, 81, 27, 0, NULL),
(711, 81, 28, 15, NULL),
(712, 70, 23, 0, NULL),
(713, 70, 24, 20, NULL),
(714, 70, 25, 18, NULL),
(715, 70, 26, 20, NULL),
(716, 70, 27, 0, NULL),
(717, 70, 28, 13, NULL),
(718, 74, 23, 0, NULL),
(719, 74, 24, 20, NULL),
(720, 74, 25, 0, NULL),
(721, 74, 26, 0, NULL),
(722, 74, 27, 0, NULL),
(723, 74, 28, 17, NULL),
(724, 77, 23, 17, NULL),
(725, 77, 24, 20, NULL),
(726, 77, 25, 22, NULL),
(727, 77, 26, 0, NULL),
(728, 77, 27, 20, NULL),
(729, 77, 28, 19, NULL),
(730, 79, 23, 15, NULL),
(731, 79, 24, 20, NULL),
(732, 79, 25, 22, NULL),
(733, 79, 26, 20, NULL),
(734, 79, 27, 0, NULL),
(735, 79, 28, 10, NULL),
(736, 76, 23, 5, NULL),
(737, 76, 24, 0, NULL),
(738, 76, 25, 5, NULL),
(739, 76, 26, 0, NULL),
(740, 76, 27, 0, NULL),
(741, 76, 28, 0, NULL),
(742, 73, 23, 0, NULL),
(743, 73, 24, 20, NULL),
(744, 73, 25, 0, NULL),
(745, 73, 26, 15, NULL),
(746, 73, 27, 0, NULL),
(747, 73, 28, 0, NULL),
(748, 75, 23, 10, NULL),
(749, 75, 24, 22, NULL),
(750, 75, 25, 18, NULL),
(751, 75, 26, 16, NULL),
(752, 75, 27, 10, NULL),
(753, 75, 28, 8, NULL),
(754, 72, 23, 15, NULL),
(755, 72, 24, 0, NULL),
(756, 72, 25, 27, NULL),
(757, 72, 26, 16, NULL),
(758, 72, 27, 5, NULL),
(759, 72, 28, 19, NULL),
(760, 71, 23, 12, NULL),
(761, 71, 24, 7, NULL),
(762, 71, 25, 0, NULL),
(763, 71, 26, 13, NULL),
(764, 71, 27, 0, NULL),
(765, 71, 28, 7, NULL),
(766, 80, 23, 0, NULL),
(767, 80, 24, 0, NULL),
(768, 80, 25, 15, NULL),
(769, 80, 26, 0, NULL),
(770, 80, 27, 0, NULL),
(771, 80, 28, 8, NULL),
(772, 84, 23, 4, NULL),
(773, 84, 24, 18, NULL),
(774, 84, 25, 20, NULL),
(775, 84, 26, 20, NULL),
(776, 84, 27, 16, NULL),
(777, 84, 28, 17, NULL),
(778, 85, 23, 15, NULL),
(779, 85, 24, 12, NULL),
(780, 85, 25, 22, NULL),
(781, 85, 26, 13, NULL),
(782, 85, 27, 0, NULL),
(783, 85, 28, 8, NULL),
(784, 83, 23, 10, NULL),
(785, 83, 24, 20, NULL),
(786, 83, 25, 15, NULL),
(787, 83, 26, 20, NULL),
(788, 83, 27, 17, NULL),
(789, 83, 28, 16, NULL),
(790, 88, 23, 18, NULL),
(791, 88, 24, 0, NULL),
(792, 88, 25, 22, NULL),
(793, 88, 26, 19, NULL),
(794, 88, 27, 28, NULL),
(795, 88, 28, 19, NULL),
(796, 87, 23, 18, NULL),
(797, 87, 24, 2, NULL),
(798, 87, 25, 22, NULL),
(799, 87, 26, 18, NULL),
(800, 87, 27, 28, NULL),
(801, 87, 28, 18, NULL),
(802, 86, 23, 19, NULL),
(803, 86, 24, 15, NULL),
(804, 86, 25, 0, NULL),
(805, 86, 26, 0, NULL),
(806, 86, 27, 10, NULL),
(807, 86, 28, 18, NULL),
(808, 82, 23, 10, NULL),
(809, 82, 24, 18, NULL),
(810, 82, 25, 0, NULL),
(811, 82, 26, 0, NULL),
(812, 82, 27, 1, NULL),
(813, 82, 28, 6, NULL),
(814, 58, 29, 2, NULL),
(815, 58, 30, 7, NULL),
(816, 58, 31, 8, NULL),
(817, 58, 32, 13, NULL),
(818, 59, 29, 0, NULL),
(819, 59, 30, 0, NULL),
(820, 59, 31, 0, NULL),
(821, 59, 32, 0, NULL),
(822, 60, 29, 0, NULL),
(823, 60, 30, 0, NULL),
(824, 60, 31, 0, NULL),
(825, 60, 32, 0, NULL),
(826, 61, 29, 14, NULL),
(827, 61, 30, 13, NULL),
(828, 61, 31, 8, NULL),
(829, 61, 32, 15, NULL),
(830, 62, 29, 9, NULL),
(831, 62, 30, 2, NULL),
(832, 62, 31, 8, NULL),
(833, 62, 32, 4, NULL),
(834, 63, 29, 2, NULL),
(835, 63, 30, 12, NULL),
(836, 63, 31, 12, NULL),
(837, 63, 32, 4, NULL),
(838, 64, 29, 9, NULL),
(839, 64, 30, 12, NULL),
(840, 64, 31, 8, NULL),
(841, 64, 32, 6, NULL),
(842, 65, 29, 15, NULL),
(843, 65, 30, 0, NULL),
(844, 65, 31, 14, NULL),
(845, 65, 32, 21, NULL),
(846, 66, 29, 0, NULL),
(847, 66, 30, 0, NULL),
(848, 66, 31, 0, NULL),
(849, 66, 32, 0, NULL),
(850, 67, 29, 13, NULL),
(851, 67, 30, 13, NULL),
(852, 67, 31, 13, NULL),
(853, 67, 32, 19, NULL),
(854, 68, 29, 14, NULL),
(855, 68, 30, 10, NULL),
(856, 68, 31, 13, NULL),
(857, 68, 32, 9, NULL),
(858, 69, 29, 15, NULL),
(859, 69, 30, 10, NULL),
(860, 69, 31, 7, NULL),
(861, 69, 32, 13, NULL),
(862, 70, 29, 14, NULL),
(863, 70, 30, 13, NULL),
(864, 70, 31, 15, NULL),
(865, 70, 32, 5, NULL),
(866, 71, 29, 9, NULL),
(867, 71, 30, 7, NULL),
(868, 71, 31, 8, NULL),
(869, 71, 32, 18, NULL),
(870, 72, 29, 14, NULL),
(871, 72, 30, 12, NULL),
(872, 72, 31, 11, NULL),
(873, 72, 32, 15, NULL),
(874, 73, 29, 14, NULL),
(875, 73, 30, 13, NULL),
(876, 73, 31, 11, NULL),
(877, 73, 32, 18, NULL),
(878, 74, 29, 14, NULL),
(879, 74, 30, 13, NULL),
(880, 74, 31, 11, NULL),
(881, 74, 32, 22, NULL),
(882, 75, 29, 14, NULL),
(883, 75, 30, 13, NULL),
(884, 75, 31, 10, NULL),
(885, 75, 32, 18, NULL),
(886, 76, 29, 0, NULL),
(887, 76, 30, 2, NULL),
(888, 76, 31, 8, NULL),
(889, 76, 32, 2, NULL),
(890, 77, 29, 14, NULL),
(891, 77, 30, 13, NULL),
(892, 77, 31, 13, NULL),
(893, 77, 32, 27, NULL),
(894, 78, 29, 19, NULL),
(895, 78, 30, 13, NULL),
(896, 78, 31, 9, NULL),
(897, 78, 32, 21, NULL),
(898, 79, 29, 9, NULL),
(899, 79, 30, 13, NULL),
(900, 79, 31, 15, NULL),
(901, 79, 32, 6, NULL),
(902, 80, 29, 0, NULL),
(903, 80, 30, 12, NULL),
(904, 80, 31, 12, NULL),
(905, 80, 32, 12, NULL),
(906, 81, 29, 0, NULL),
(907, 81, 30, 10, NULL),
(908, 81, 31, 7, NULL),
(909, 81, 32, 14, NULL),
(910, 82, 29, 9, NULL),
(911, 82, 30, 13, NULL),
(912, 82, 31, 11, NULL),
(913, 82, 32, 26, NULL),
(914, 83, 29, 18, NULL),
(915, 83, 30, 13, NULL),
(916, 83, 31, 15, NULL),
(917, 83, 32, 9, NULL),
(918, 84, 29, 14, NULL),
(919, 84, 30, 12, NULL),
(920, 84, 31, 15, NULL),
(921, 84, 32, 5, NULL),
(922, 85, 29, 10, NULL),
(923, 85, 30, 8, NULL),
(924, 85, 31, 11, NULL),
(925, 85, 32, 9, NULL),
(926, 86, 29, 14, NULL),
(927, 86, 30, 5, NULL),
(928, 86, 31, 10, NULL),
(929, 86, 32, 15, NULL),
(930, 87, 29, 18, NULL),
(931, 87, 30, 13, NULL),
(932, 87, 31, 15, NULL),
(933, 87, 32, 9, NULL),
(934, 88, 29, 18, NULL),
(935, 88, 30, 13, NULL),
(936, 88, 31, 13, NULL),
(937, 88, 32, 7, NULL),
(938, 58, 33, 6, NULL),
(939, 59, 33, 0, NULL),
(940, 60, 33, 0, NULL),
(941, 61, 33, 0, NULL),
(942, 62, 33, 9, NULL),
(943, 63, 33, 6, NULL),
(944, 64, 33, 11, NULL),
(945, 65, 33, 12, NULL),
(946, 66, 33, 0, NULL),
(947, 67, 33, 23, NULL),
(948, 68, 33, 10, NULL),
(949, 69, 33, 12, NULL),
(950, 70, 33, 19, NULL),
(951, 71, 33, 11, NULL),
(952, 72, 33, 0, NULL),
(953, 73, 33, 0, NULL),
(954, 74, 33, 0, NULL),
(955, 75, 33, 0, NULL),
(956, 76, 33, 23, NULL),
(957, 77, 33, 9, NULL),
(958, 78, 33, 19, NULL),
(959, 79, 33, 19, NULL),
(960, 80, 33, 9, NULL),
(961, 81, 33, 9, NULL),
(962, 82, 33, 19, NULL),
(963, 83, 33, 20, NULL),
(964, 84, 33, 17, NULL),
(965, 85, 33, 12, NULL),
(966, 86, 33, 24, NULL),
(967, 87, 33, 24, NULL),
(968, 88, 33, 24, NULL),
(969, 89, 34, 15, NULL),
(970, 89, 35, 0, NULL),
(971, 89, 36, 5, NULL),
(972, 89, 37, 15, NULL),
(973, 89, 38, 2, NULL),
(974, 89, 39, 7, NULL),
(975, 90, 34, 0, NULL),
(976, 90, 35, 0, NULL),
(977, 90, 36, 18, NULL),
(978, 90, 37, 0, NULL),
(979, 90, 38, 5, NULL),
(980, 90, 39, 12, NULL),
(981, 93, 34, 0, NULL),
(982, 93, 35, 0, NULL),
(983, 93, 36, 0, NULL),
(984, 93, 37, 16, NULL),
(985, 93, 38, 0, NULL),
(986, 93, 39, 4, NULL),
(987, 97, 34, 0, NULL),
(988, 97, 35, 0, NULL),
(989, 97, 36, 10, NULL),
(990, 97, 37, 16, NULL),
(991, 97, 38, 9, NULL),
(992, 97, 39, 10, NULL),
(993, 94, 34, 0, NULL),
(994, 94, 35, 0, NULL),
(995, 94, 36, 15, NULL),
(996, 94, 37, 16, NULL),
(997, 94, 38, 10, NULL),
(998, 94, 39, 8, NULL),
(999, 91, 34, 5, NULL),
(1000, 91, 35, 15, NULL),
(1001, 91, 36, 20, NULL),
(1002, 91, 37, 0, NULL),
(1003, 91, 38, 0, NULL),
(1004, 91, 39, 0, NULL),
(1005, 96, 34, 0, NULL),
(1006, 96, 35, 0, NULL),
(1007, 96, 36, 0, NULL),
(1008, 96, 37, 0, NULL),
(1009, 96, 38, 0, NULL),
(1010, 96, 39, 0, NULL),
(1011, 98, 34, 18, NULL),
(1012, 98, 35, 0, NULL),
(1013, 98, 36, 20, NULL),
(1014, 98, 37, 18, NULL),
(1015, 98, 38, 17, NULL),
(1016, 98, 39, 14, NULL),
(1017, 99, 34, 15, NULL),
(1018, 99, 35, 5, NULL),
(1019, 99, 36, 10, NULL),
(1020, 99, 37, 0, NULL),
(1021, 99, 38, 0, NULL),
(1022, 99, 39, 15, NULL),
(1023, 92, 34, 10, NULL),
(1024, 92, 35, 0, NULL),
(1025, 92, 36, 15, NULL),
(1026, 92, 37, 6, NULL),
(1027, 92, 38, 2, NULL),
(1028, 92, 39, 0, NULL),
(1029, 100, 34, 0, NULL),
(1030, 100, 35, 0, NULL),
(1031, 100, 36, 0, NULL),
(1032, 100, 37, 14, NULL),
(1033, 100, 38, 0, NULL),
(1034, 100, 39, 0, NULL),
(1035, 95, 34, 0, NULL),
(1036, 95, 35, 0, NULL),
(1037, 95, 36, 10, NULL),
(1038, 95, 37, 16, NULL),
(1039, 95, 38, 1, NULL),
(1040, 95, 39, 9, NULL),
(1041, 110, 34, 5, NULL),
(1042, 110, 35, 5, NULL),
(1043, 110, 36, 22, NULL),
(1044, 110, 37, 0, NULL),
(1045, 110, 38, 14, NULL),
(1046, 110, 39, 18, NULL),
(1047, 111, 34, 0, NULL),
(1048, 111, 35, 0, NULL),
(1049, 111, 36, 0, NULL),
(1050, 111, 37, 0, NULL),
(1051, 111, 38, 0, NULL),
(1052, 111, 39, 6, NULL),
(1053, 106, 34, 0, NULL),
(1054, 106, 35, 10, NULL),
(1055, 106, 36, 10, NULL),
(1056, 106, 37, 18, NULL),
(1057, 106, 38, 10, NULL),
(1058, 106, 39, 5, NULL),
(1059, 109, 34, 0, NULL),
(1060, 109, 35, 0, NULL),
(1061, 109, 36, 24, NULL),
(1062, 109, 37, 0, NULL),
(1063, 109, 38, 20, NULL),
(1064, 109, 39, 14, NULL),
(1065, 107, 34, 0, NULL),
(1066, 107, 35, 7, NULL),
(1067, 107, 36, 0, NULL),
(1068, 107, 37, 0, NULL),
(1069, 107, 38, 3, NULL),
(1070, 107, 39, 9, NULL),
(1071, 103, 34, 0, NULL),
(1072, 103, 35, 0, NULL),
(1073, 103, 36, 0, NULL),
(1074, 103, 37, 0, NULL),
(1075, 103, 38, 13, NULL),
(1076, 103, 39, 1, NULL),
(1077, 105, 34, 14, NULL),
(1078, 105, 35, 0, NULL),
(1079, 105, 36, 20, NULL),
(1080, 105, 37, 20, NULL),
(1081, 105, 38, 18, NULL),
(1082, 105, 39, 0, NULL),
(1083, 101, 34, 0, NULL),
(1084, 101, 35, 7, NULL),
(1085, 101, 36, 15, NULL),
(1086, 101, 37, 14, NULL),
(1087, 101, 38, 6, NULL),
(1088, 101, 39, 4, NULL),
(1089, 108, 34, 18, NULL),
(1090, 108, 35, 18, NULL),
(1091, 108, 36, 24, NULL),
(1092, 108, 37, 0, NULL),
(1093, 108, 38, 8, NULL),
(1094, 108, 39, 17, NULL),
(1095, 102, 34, 10, NULL),
(1096, 102, 35, 3, NULL),
(1097, 102, 36, 20, NULL),
(1098, 102, 37, 19, NULL),
(1099, 102, 38, 4, NULL),
(1100, 102, 39, 5, NULL),
(1101, 104, 34, 5, NULL),
(1102, 104, 35, 0, NULL),
(1103, 104, 36, 15, NULL),
(1104, 104, 37, 0, NULL),
(1105, 104, 38, 3, NULL),
(1106, 104, 39, 10, NULL),
(1107, 115, 34, 0, NULL),
(1108, 115, 35, 0, NULL),
(1109, 115, 36, 20, NULL),
(1110, 115, 37, 0, NULL),
(1111, 115, 38, 0, NULL),
(1112, 115, 39, 0, NULL),
(1113, 114, 34, 15, NULL),
(1114, 114, 35, 15, NULL),
(1115, 114, 36, 24, NULL),
(1116, 114, 37, 15, NULL),
(1117, 114, 38, 4, NULL),
(1118, 114, 39, 15, NULL),
(1119, 113, 34, 0, NULL),
(1120, 113, 35, 0, NULL),
(1121, 113, 36, 22, NULL),
(1122, 113, 37, 16, NULL),
(1123, 113, 38, 10, NULL),
(1124, 113, 39, 6, NULL),
(1125, 112, 34, 0, NULL),
(1126, 112, 35, 0, NULL),
(1127, 112, 36, 24, NULL),
(1128, 112, 37, 16, NULL),
(1129, 112, 38, 12, NULL),
(1130, 112, 39, 7, NULL),
(1131, 89, 40, 13, NULL),
(1132, 89, 41, 13, NULL),
(1133, 89, 42, 11, NULL),
(1134, 89, 43, 28, NULL),
(1135, 90, 40, 0, NULL),
(1136, 90, 41, 10, NULL),
(1137, 90, 42, 13, NULL),
(1138, 90, 43, 23, NULL),
(1139, 91, 40, 8, NULL),
(1140, 91, 41, 10, NULL),
(1141, 91, 42, 10, NULL),
(1142, 91, 43, 4, NULL),
(1143, 92, 40, 13, NULL),
(1144, 92, 41, 12, NULL),
(1145, 92, 42, 13, NULL),
(1146, 92, 43, 4, NULL),
(1147, 93, 40, 9, NULL),
(1148, 93, 41, 13, NULL),
(1149, 93, 42, 12, NULL),
(1150, 93, 43, 4, NULL),
(1151, 94, 40, 9, NULL),
(1152, 94, 41, 12, NULL),
(1153, 94, 42, 12, NULL),
(1154, 94, 43, 12, NULL),
(1155, 95, 40, 9, NULL),
(1156, 95, 41, 12, NULL),
(1157, 95, 42, 13, NULL),
(1158, 95, 43, 26, NULL),
(1159, 96, 40, 9, NULL),
(1160, 96, 41, 13, NULL),
(1161, 96, 42, 11, NULL),
(1162, 96, 43, 26, NULL),
(1163, 97, 40, 9, NULL),
(1164, 97, 41, 13, NULL),
(1165, 97, 42, 10, NULL),
(1166, 97, 43, 26, NULL),
(1167, 98, 40, 9, NULL),
(1168, 98, 41, 12, NULL),
(1169, 98, 42, 0, NULL),
(1170, 98, 43, 26, NULL),
(1171, 99, 40, 14, NULL),
(1172, 99, 41, 10, NULL),
(1173, 99, 42, 10, NULL),
(1174, 99, 43, 13, NULL),
(1175, 100, 40, 9, NULL),
(1176, 100, 41, 13, NULL),
(1177, 100, 42, 10, NULL),
(1178, 100, 43, 26, NULL),
(1179, 101, 40, 9, NULL),
(1180, 101, 41, 5, NULL),
(1181, 101, 42, 9, NULL),
(1182, 101, 43, 22, NULL),
(1183, 102, 40, 9, NULL),
(1184, 102, 41, 10, NULL),
(1185, 102, 42, 10, NULL),
(1186, 102, 43, 19, NULL),
(1187, 103, 40, 13, NULL),
(1188, 103, 41, 11, NULL),
(1189, 103, 42, 12, NULL),
(1190, 103, 43, 19, NULL),
(1191, 104, 40, 14, NULL),
(1192, 104, 41, 11, NULL),
(1193, 104, 42, 12, NULL),
(1194, 104, 43, 19, NULL),
(1195, 105, 40, 12, NULL),
(1196, 105, 41, 8, NULL),
(1197, 105, 42, 10, NULL),
(1198, 105, 43, 6, NULL),
(1199, 106, 40, 19, NULL),
(1200, 106, 41, 12, NULL),
(1201, 106, 42, 12, NULL),
(1202, 106, 43, 26, NULL),
(1203, 107, 40, 0, NULL),
(1204, 107, 41, 0, NULL),
(1205, 107, 42, 0, NULL),
(1206, 107, 43, 0, NULL),
(1207, 108, 40, 15, NULL),
(1208, 108, 41, 13, NULL),
(1209, 108, 42, 13, NULL),
(1210, 108, 43, 20, NULL),
(1211, 109, 40, 14, NULL),
(1212, 109, 41, 13, NULL),
(1213, 109, 42, 12, NULL),
(1214, 109, 43, 20, NULL),
(1215, 110, 40, 16, NULL),
(1216, 110, 41, 12, NULL),
(1217, 110, 42, 11, NULL),
(1218, 110, 43, 11, NULL),
(1219, 111, 40, 8, NULL),
(1220, 111, 41, 11, NULL),
(1221, 111, 42, 13, NULL),
(1222, 111, 43, 6, NULL),
(1223, 112, 40, 10, NULL),
(1224, 112, 41, 13, NULL),
(1225, 112, 42, 13, NULL),
(1226, 112, 43, 34, NULL),
(1227, 113, 40, 10, NULL),
(1228, 113, 41, 13, NULL),
(1229, 113, 42, 15, NULL),
(1230, 113, 43, 24, NULL),
(1231, 114, 40, 18, NULL),
(1232, 114, 41, 13, NULL),
(1233, 114, 42, 11, NULL),
(1234, 114, 43, 27, NULL),
(1235, 115, 40, 0, NULL),
(1236, 115, 41, 0, NULL),
(1237, 115, 42, 0, NULL),
(1238, 115, 43, 0, NULL),
(1239, 89, 44, 24, NULL),
(1240, 90, 44, 23, NULL),
(1241, 91, 44, 24, NULL),
(1242, 92, 44, 27, NULL),
(1243, 93, 44, 12, NULL),
(1244, 94, 44, 12, NULL),
(1245, 95, 44, 12, NULL),
(1246, 96, 44, 12, NULL),
(1247, 97, 44, 12, NULL),
(1248, 98, 44, 25, NULL),
(1249, 99, 44, 20, NULL),
(1250, 100, 44, 12, NULL),
(1251, 101, 44, 27, NULL),
(1252, 102, 44, 25, NULL),
(1253, 103, 44, 27, NULL),
(1254, 104, 44, 20, NULL),
(1255, 105, 44, 0, NULL),
(1256, 106, 44, 26, NULL),
(1257, 107, 44, 0, NULL),
(1258, 108, 44, 23, NULL),
(1259, 109, 44, 22, NULL),
(1260, 110, 44, 27, NULL),
(1261, 111, 44, 0, NULL),
(1262, 112, 44, 29, NULL),
(1263, 113, 44, 27, NULL),
(1264, 114, 44, 27, NULL),
(1265, 115, 44, 0, NULL),
(1266, 116, 45, 0, NULL),
(1267, 116, 46, 10, NULL),
(1268, 116, 47, 5, NULL),
(1269, 116, 48, 15, NULL),
(1270, 116, 49, 0, NULL),
(1271, 116, 50, 0, NULL),
(1272, 119, 45, 22, NULL),
(1273, 119, 46, 22, NULL),
(1274, 119, 47, 24, NULL),
(1275, 119, 48, 14, NULL),
(1276, 119, 49, 25, NULL),
(1277, 119, 50, 17, NULL),
(1278, 117, 45, 22, NULL),
(1279, 117, 46, 0, NULL),
(1280, 117, 47, 23, NULL),
(1281, 117, 48, 16, NULL),
(1282, 117, 49, 15, NULL),
(1283, 117, 50, 13, NULL),
(1284, 122, 45, 18, NULL),
(1285, 122, 46, 0, NULL),
(1286, 122, 47, 20, NULL),
(1287, 122, 48, 16, NULL),
(1288, 122, 49, 0, NULL),
(1289, 122, 50, 5, NULL),
(1290, 121, 45, 0, NULL),
(1291, 121, 46, 0, NULL),
(1292, 121, 47, 0, NULL),
(1293, 121, 48, 0, NULL),
(1294, 121, 49, 0, NULL),
(1295, 121, 50, 0, NULL),
(1296, 118, 45, 6, NULL),
(1297, 118, 46, 10, NULL),
(1298, 118, 47, 0, NULL),
(1299, 118, 48, 0, NULL),
(1300, 118, 49, 2, NULL),
(1301, 118, 50, 11, NULL),
(1302, 120, 45, 19, NULL),
(1303, 120, 46, 0, NULL),
(1304, 120, 47, 24, NULL),
(1305, 120, 48, 0, NULL),
(1306, 120, 49, 5, NULL),
(1307, 120, 50, 7, NULL),
(1308, 135, 45, 8, NULL),
(1309, 135, 46, 10, NULL),
(1310, 135, 47, 22, NULL),
(1311, 135, 48, 0, NULL),
(1312, 135, 49, 20, NULL),
(1313, 135, 50, 13, NULL),
(1314, 127, 45, 15, NULL),
(1315, 127, 46, 0, NULL),
(1316, 127, 47, 24, NULL),
(1317, 127, 48, 16, NULL),
(1318, 127, 49, 0, NULL),
(1319, 127, 50, 18, NULL),
(1320, 133, 45, 22, NULL),
(1321, 133, 46, 18, NULL),
(1322, 133, 47, 22, NULL),
(1323, 133, 48, 16, NULL),
(1324, 133, 49, 27, NULL),
(1325, 133, 50, 16, NULL),
(1326, 126, 45, 8, NULL),
(1327, 126, 46, 0, NULL),
(1328, 126, 47, 20, NULL),
(1329, 126, 48, 0, NULL),
(1330, 126, 49, 3, NULL),
(1331, 126, 50, 2, NULL),
(1332, 131, 45, 18, NULL),
(1333, 131, 46, 15, NULL),
(1334, 131, 47, 27, NULL),
(1335, 131, 48, 18, NULL),
(1336, 131, 49, 5, NULL),
(1337, 131, 50, 19, NULL),
(1338, 125, 45, 13, NULL),
(1339, 125, 46, 0, NULL),
(1340, 125, 47, 20, NULL),
(1341, 125, 48, 0, NULL),
(1342, 125, 49, 5, NULL),
(1343, 125, 50, 10, NULL),
(1344, 139, 45, 6, NULL),
(1345, 139, 46, 22, NULL),
(1346, 139, 47, 0, NULL),
(1347, 139, 48, 0, NULL),
(1348, 139, 49, 15, NULL),
(1349, 139, 50, 4, NULL),
(1350, 123, 45, 0, NULL),
(1351, 123, 46, 0, NULL),
(1352, 123, 47, 27, NULL),
(1353, 123, 48, 0, NULL),
(1354, 123, 49, 0, NULL),
(1355, 123, 50, 15, NULL),
(1356, 129, 45, 10, NULL),
(1357, 129, 46, 0, NULL),
(1358, 129, 47, 20, NULL),
(1359, 129, 48, 16, NULL),
(1360, 129, 49, 0, NULL),
(1361, 129, 50, 11, NULL),
(1362, 132, 45, 20, NULL),
(1363, 132, 46, 0, NULL),
(1364, 132, 47, 0, NULL),
(1365, 132, 48, 0, NULL),
(1366, 132, 49, 0, NULL),
(1367, 132, 50, 0, NULL),
(1368, 124, 45, 17, NULL),
(1369, 124, 46, 0, NULL),
(1370, 124, 47, 22, NULL),
(1371, 124, 48, 18, NULL),
(1372, 124, 49, 0, NULL),
(1373, 124, 50, 0, NULL),
(1374, 138, 45, 15, NULL),
(1375, 138, 46, 0, NULL),
(1376, 138, 47, 20, NULL),
(1377, 138, 48, 0, NULL),
(1378, 138, 49, 0, NULL),
(1379, 138, 50, 9, NULL),
(1380, 128, 45, 10, NULL),
(1381, 128, 46, 0, NULL),
(1382, 128, 47, 22, NULL),
(1383, 128, 48, 16, NULL),
(1384, 128, 49, 0, NULL),
(1385, 128, 50, 13, NULL),
(1386, 136, 45, 23, NULL),
(1387, 136, 46, 15, NULL),
(1388, 136, 47, 20, NULL),
(1389, 136, 48, 0, NULL),
(1390, 136, 49, 28, NULL),
(1391, 136, 50, 19, NULL),
(1392, 137, 45, 22, NULL),
(1393, 137, 46, 19, NULL),
(1394, 137, 47, 24, NULL),
(1395, 137, 48, 0, NULL),
(1396, 137, 49, 27, NULL),
(1397, 137, 50, 17, NULL),
(1398, 134, 45, 20, NULL),
(1399, 134, 46, 18, NULL),
(1400, 134, 47, 22, NULL),
(1401, 134, 48, 15, NULL),
(1402, 134, 49, 17, NULL),
(1403, 134, 50, 15, NULL),
(1404, 130, 45, 15, NULL),
(1405, 130, 46, 0, NULL),
(1406, 130, 47, 22, NULL),
(1407, 130, 48, 0, NULL),
(1408, 130, 49, 14, NULL),
(1409, 130, 50, 14, NULL),
(1410, 142, 45, 22, NULL),
(1411, 142, 46, 20, NULL),
(1412, 142, 47, 27, NULL),
(1413, 142, 48, 18, NULL),
(1414, 142, 49, 22, NULL),
(1415, 142, 50, 19, NULL),
(1416, 140, 45, 18, NULL),
(1417, 140, 46, 25, NULL),
(1418, 140, 47, 10, NULL),
(1419, 140, 48, 0, NULL),
(1420, 140, 49, 0, NULL),
(1421, 140, 50, 0, NULL),
(1422, 145, 45, 20, NULL),
(1423, 145, 46, 0, NULL),
(1424, 145, 47, 15, NULL),
(1425, 145, 48, 14, NULL),
(1426, 145, 49, 6, NULL),
(1427, 145, 50, 0, NULL),
(1428, 143, 45, 20, NULL),
(1429, 143, 46, 15, NULL),
(1430, 143, 47, 26, NULL),
(1431, 143, 48, 10, NULL),
(1432, 143, 49, 0, NULL),
(1433, 143, 50, 0, NULL),
(1434, 141, 45, 17, NULL),
(1435, 141, 46, 7, NULL),
(1436, 141, 47, 20, NULL),
(1437, 141, 48, 10, NULL),
(1438, 141, 49, 7, NULL),
(1439, 141, 50, 18, NULL),
(1440, 144, 45, 0, NULL),
(1441, 144, 46, 0, NULL),
(1442, 144, 47, 20, NULL),
(1443, 144, 48, 6, NULL),
(1444, 144, 49, 0, NULL),
(1445, 144, 50, 0, NULL),
(1446, 116, 51, 0, NULL),
(1447, 116, 52, 0, NULL),
(1448, 116, 53, 0, NULL),
(1449, 116, 54, 0, NULL),
(1450, 117, 51, 10, NULL),
(1451, 117, 52, 12, NULL),
(1452, 117, 53, 11, NULL),
(1453, 117, 54, 18, NULL),
(1454, 118, 51, 17, NULL),
(1455, 118, 52, 10, NULL),
(1456, 118, 53, 10, NULL),
(1457, 118, 54, 17, NULL),
(1458, 119, 51, 15, NULL),
(1459, 119, 52, 14, NULL),
(1460, 119, 53, 11, NULL),
(1461, 119, 54, 22, NULL),
(1462, 120, 51, 14, NULL),
(1463, 120, 52, 5, NULL),
(1464, 120, 53, 9, NULL),
(1465, 120, 54, 25, NULL),
(1466, 121, 51, 17, NULL),
(1467, 121, 52, 5, NULL),
(1468, 121, 53, 11, NULL),
(1469, 121, 54, 27, NULL),
(1470, 122, 51, 14, NULL),
(1471, 122, 52, 13, NULL),
(1472, 122, 53, 10, NULL),
(1473, 122, 54, 6, NULL),
(1474, 123, 51, 0, NULL),
(1475, 123, 52, 0, NULL),
(1476, 123, 53, 0, NULL),
(1477, 123, 54, 0, NULL),
(1478, 124, 51, 14, NULL),
(1479, 124, 52, 13, NULL),
(1480, 124, 53, 13, NULL),
(1481, 124, 54, 18, NULL),
(1482, 125, 51, 0, NULL),
(1483, 125, 52, 0, NULL),
(1484, 125, 53, 0, NULL),
(1485, 125, 54, 0, NULL),
(1486, 126, 51, 16, NULL),
(1487, 126, 52, 0, NULL),
(1488, 126, 53, 11, NULL),
(1489, 126, 54, 12, NULL),
(1490, 127, 51, 18, NULL),
(1491, 127, 52, 0, NULL),
(1492, 127, 53, 8, NULL),
(1493, 127, 54, 20, NULL),
(1494, 128, 51, 10, NULL),
(1495, 128, 52, 10, NULL),
(1496, 128, 53, 12, NULL),
(1497, 128, 54, 28, NULL),
(1498, 129, 51, 14, NULL),
(1499, 129, 52, 10, NULL),
(1500, 129, 53, 11, NULL),
(1501, 129, 54, 21, NULL),
(1502, 130, 51, 14, NULL),
(1503, 130, 52, 10, NULL),
(1504, 130, 53, 11, NULL),
(1505, 130, 54, 19, NULL),
(1506, 131, 51, 10, NULL),
(1507, 131, 52, 0, NULL),
(1508, 131, 53, 15, NULL),
(1509, 131, 54, 29, NULL),
(1510, 132, 51, 0, NULL),
(1511, 132, 52, 0, NULL),
(1512, 132, 53, 0, NULL),
(1513, 132, 54, 0, NULL),
(1514, 133, 51, 18, NULL),
(1515, 133, 52, 11, NULL),
(1516, 133, 53, 10, NULL),
(1517, 133, 54, 8, NULL),
(1518, 134, 51, 18, NULL),
(1519, 134, 52, 13, NULL),
(1520, 134, 53, 11, NULL),
(1521, 134, 54, 15, NULL),
(1522, 135, 51, 17, NULL),
(1523, 135, 52, 10, NULL),
(1524, 135, 53, 10, NULL),
(1525, 135, 54, 30, NULL),
(1526, 136, 51, 17, NULL),
(1527, 136, 52, 13, NULL),
(1528, 136, 53, 11, NULL),
(1529, 136, 54, 27, NULL),
(1530, 137, 51, 19, NULL),
(1531, 137, 52, 12, NULL),
(1532, 137, 53, 10, NULL),
(1533, 137, 54, 21, NULL),
(1534, 138, 51, 14, NULL),
(1535, 138, 52, 8, NULL),
(1536, 138, 53, 11, NULL),
(1537, 138, 54, 18, NULL),
(1538, 139, 51, 18, NULL),
(1539, 139, 52, 10, NULL),
(1540, 139, 53, 11, NULL),
(1541, 139, 54, 17, NULL),
(1542, 140, 51, 18, NULL),
(1543, 140, 52, 10, NULL),
(1544, 140, 53, 11, NULL),
(1545, 140, 54, 19, NULL),
(1546, 141, 51, 14, NULL),
(1547, 141, 52, 5, NULL),
(1548, 141, 53, 14, NULL),
(1549, 141, 54, 22, NULL),
(1550, 142, 51, 18, NULL),
(1551, 142, 52, 12, NULL),
(1552, 142, 53, 8, NULL),
(1553, 142, 54, 25, NULL),
(1554, 143, 51, 9, NULL),
(1555, 143, 52, 13, NULL),
(1556, 143, 53, 14, NULL),
(1557, 143, 54, 15, NULL),
(1558, 144, 51, 0, NULL),
(1559, 144, 52, 0, NULL),
(1560, 144, 53, 0, NULL),
(1561, 144, 54, 0, NULL),
(1562, 145, 51, 14, NULL),
(1563, 145, 52, 12, NULL),
(1564, 145, 53, 11, NULL),
(1565, 145, 54, 15, NULL),
(1566, 116, 55, 0, NULL),
(1567, 117, 55, 23, NULL),
(1568, 118, 55, 30, NULL),
(1569, 119, 55, 34, NULL),
(1570, 120, 55, 24, NULL),
(1571, 121, 55, 11, NULL),
(1572, 122, 55, 23, NULL),
(1573, 123, 55, 0, NULL),
(1574, 124, 55, 23, NULL),
(1575, 125, 55, 0, NULL),
(1576, 126, 55, 11, NULL),
(1577, 127, 55, 11, NULL),
(1578, 128, 55, 11, NULL),
(1579, 129, 55, 11, NULL),
(1580, 130, 55, 11, NULL),
(1581, 131, 55, 23, NULL),
(1582, 132, 55, 0, NULL),
(1583, 133, 55, 34, NULL),
(1584, 134, 55, 34, NULL),
(1585, 135, 55, 23, NULL),
(1586, 136, 55, 34, NULL),
(1587, 137, 55, 34, NULL),
(1588, 138, 55, 25, NULL),
(1589, 139, 55, 31, NULL),
(1590, 140, 55, 31, NULL),
(1591, 141, 55, 30, NULL),
(1592, 142, 55, 31, NULL),
(1593, 143, 55, 23, NULL),
(1594, 144, 55, 0, NULL),
(1595, 145, 55, 25, NULL),
(1596, 146, 56, 15, NULL),
(1597, 146, 57, 7, NULL),
(1598, 146, 58, 0, NULL),
(1599, 146, 59, 0, NULL),
(1600, 146, 60, 0, NULL),
(1601, 146, 61, 4, NULL),
(1602, 153, 56, 0, NULL),
(1603, 153, 57, 0, NULL),
(1604, 153, 58, 22, NULL),
(1605, 153, 59, 12, NULL),
(1606, 153, 60, 0, NULL),
(1607, 153, 61, 8, NULL),
(1608, 156, 56, 0, NULL),
(1609, 156, 57, 0, NULL),
(1610, 156, 58, 0, NULL),
(1611, 156, 59, 0, NULL),
(1612, 156, 60, 0, NULL),
(1613, 156, 61, 0, NULL),
(1614, 149, 56, 0, NULL),
(1615, 149, 57, 0, NULL),
(1616, 149, 58, 18, NULL),
(1617, 149, 59, 11, NULL),
(1618, 149, 60, 20, NULL),
(1619, 149, 61, 20, NULL),
(1620, 154, 56, 0, NULL),
(1621, 154, 57, 0, NULL),
(1622, 154, 58, 0, NULL),
(1623, 154, 59, 0, NULL),
(1624, 154, 60, 0, NULL),
(1625, 154, 61, 0, NULL),
(1626, 157, 56, 10, NULL),
(1627, 157, 57, 10, NULL),
(1628, 157, 58, 15, NULL),
(1629, 157, 59, 6, NULL),
(1630, 157, 60, 6, NULL),
(1631, 157, 61, 13, NULL),
(1632, 147, 56, 0, NULL),
(1633, 147, 57, 0, NULL),
(1634, 147, 58, 0, NULL),
(1635, 147, 59, 0, NULL),
(1636, 147, 60, 0, NULL),
(1637, 147, 61, 0, NULL),
(1638, 150, 56, 15, NULL),
(1639, 150, 57, 0, NULL),
(1640, 150, 58, 0, NULL),
(1641, 150, 59, 5, NULL),
(1642, 150, 60, 0, NULL),
(1643, 150, 61, 5, NULL),
(1644, 148, 56, 0, NULL),
(1645, 148, 57, 0, NULL),
(1646, 148, 58, 5, NULL),
(1647, 148, 59, 0, NULL),
(1648, 148, 60, 0, NULL),
(1649, 148, 61, 0, NULL),
(1650, 152, 56, 20, NULL),
(1651, 152, 57, 0, NULL),
(1652, 152, 58, 5, NULL),
(1653, 152, 59, 5, NULL),
(1654, 152, 60, 0, NULL),
(1655, 152, 61, 8, NULL),
(1656, 155, 56, 0, NULL),
(1657, 155, 57, 0, NULL),
(1658, 155, 58, 0, NULL),
(1659, 155, 59, 16, NULL),
(1660, 155, 60, 1, NULL),
(1661, 155, 61, 0, NULL),
(1662, 151, 56, 0, NULL),
(1663, 151, 57, 0, NULL),
(1664, 151, 58, 20, NULL),
(1665, 151, 59, 15, NULL),
(1666, 151, 60, 0, NULL),
(1667, 151, 61, 0, NULL),
(1668, 166, 56, 18, NULL),
(1669, 166, 57, 0, NULL),
(1670, 166, 58, 22, NULL),
(1671, 166, 59, 12, NULL),
(1672, 166, 60, 20, NULL),
(1673, 166, 61, 20, NULL),
(1674, 169, 56, 5, NULL),
(1675, 169, 57, 0, NULL),
(1676, 169, 58, 10, NULL),
(1677, 169, 59, 0, NULL),
(1678, 169, 60, 0, NULL),
(1679, 169, 61, 15, NULL),
(1680, 158, 56, 0, NULL),
(1681, 158, 57, 20, NULL),
(1682, 158, 58, 18, NULL),
(1683, 158, 59, 20, NULL),
(1684, 158, 60, 0, NULL),
(1685, 158, 61, 13, NULL),
(1686, 162, 56, 0, NULL),
(1687, 162, 57, 20, NULL),
(1688, 162, 58, 0, NULL),
(1689, 162, 59, 0, NULL),
(1690, 162, 60, 0, NULL),
(1691, 162, 61, 17, NULL),
(1692, 165, 56, 17, NULL),
(1693, 165, 57, 20, NULL),
(1694, 165, 58, 22, NULL),
(1695, 165, 59, 0, NULL),
(1696, 165, 60, 20, NULL),
(1697, 165, 61, 19, NULL),
(1698, 167, 56, 15, NULL),
(1699, 167, 57, 20, NULL),
(1700, 167, 58, 22, NULL),
(1701, 167, 59, 20, NULL),
(1702, 167, 60, 0, NULL),
(1703, 167, 61, 10, NULL),
(1704, 164, 56, 5, NULL),
(1705, 164, 57, 0, NULL),
(1706, 164, 58, 5, NULL),
(1707, 164, 59, 0, NULL),
(1708, 164, 60, 0, NULL),
(1709, 164, 61, 0, NULL),
(1710, 161, 56, 0, NULL),
(1711, 161, 57, 20, NULL),
(1712, 161, 58, 0, NULL),
(1713, 161, 59, 15, NULL),
(1714, 161, 60, 0, NULL),
(1715, 161, 61, 0, NULL),
(1716, 163, 56, 10, NULL),
(1717, 163, 57, 22, NULL),
(1718, 163, 58, 18, NULL),
(1719, 163, 59, 16, NULL),
(1720, 163, 60, 10, NULL),
(1721, 163, 61, 8, NULL),
(1722, 160, 56, 15, NULL),
(1723, 160, 57, 0, NULL),
(1724, 160, 58, 27, NULL),
(1725, 160, 59, 16, NULL),
(1726, 160, 60, 5, NULL),
(1727, 160, 61, 19, NULL),
(1728, 159, 56, 12, NULL),
(1729, 159, 57, 7, NULL),
(1730, 159, 58, 0, NULL),
(1731, 159, 59, 13, NULL),
(1732, 159, 60, 0, NULL),
(1733, 159, 61, 7, NULL),
(1734, 168, 56, 0, NULL),
(1735, 168, 57, 0, NULL),
(1736, 168, 58, 15, NULL),
(1737, 168, 59, 0, NULL),
(1738, 168, 60, 0, NULL),
(1739, 168, 61, 8, NULL),
(1740, 172, 56, 4, NULL),
(1741, 172, 57, 18, NULL),
(1742, 172, 58, 20, NULL),
(1743, 172, 59, 20, NULL),
(1744, 172, 60, 16, NULL),
(1745, 172, 61, 17, NULL),
(1746, 173, 56, 15, NULL),
(1747, 173, 57, 12, NULL),
(1748, 173, 58, 22, NULL),
(1749, 173, 59, 13, NULL),
(1750, 173, 60, 0, NULL),
(1751, 173, 61, 8, NULL),
(1752, 171, 56, 10, NULL),
(1753, 171, 57, 20, NULL),
(1754, 171, 58, 15, NULL),
(1755, 171, 59, 20, NULL),
(1756, 171, 60, 17, NULL),
(1757, 171, 61, 16, NULL),
(1758, 176, 56, 18, NULL),
(1759, 176, 57, 0, NULL),
(1760, 176, 58, 22, NULL),
(1761, 176, 59, 19, NULL),
(1762, 176, 60, 28, NULL),
(1763, 176, 61, 19, NULL),
(1764, 175, 56, 18, NULL),
(1765, 175, 57, 2, NULL),
(1766, 175, 58, 22, NULL),
(1767, 175, 59, 18, NULL),
(1768, 175, 60, 28, NULL),
(1769, 175, 61, 18, NULL),
(1770, 174, 56, 19, NULL),
(1771, 174, 57, 15, NULL),
(1772, 174, 58, 0, NULL),
(1773, 174, 59, 0, NULL),
(1774, 174, 60, 10, NULL),
(1775, 174, 61, 18, NULL),
(1776, 170, 56, 10, NULL),
(1777, 170, 57, 18, NULL),
(1778, 170, 58, 0, NULL),
(1779, 170, 59, 0, NULL),
(1780, 170, 60, 1, NULL),
(1781, 170, 61, 6, NULL),
(1782, 146, 62, 2, NULL),
(1783, 146, 63, 7, NULL),
(1784, 146, 64, 8, NULL),
(1785, 146, 65, 13, NULL),
(1786, 147, 62, 0, NULL),
(1787, 147, 63, 0, NULL),
(1788, 147, 64, 0, NULL),
(1789, 147, 65, 0, NULL),
(1790, 148, 62, 0, NULL),
(1791, 148, 63, 0, NULL),
(1792, 148, 64, 0, NULL),
(1793, 148, 65, 0, NULL),
(1794, 149, 62, 14, NULL),
(1795, 149, 63, 13, NULL),
(1796, 149, 64, 8, NULL),
(1797, 149, 65, 15, NULL),
(1798, 150, 62, 9, NULL),
(1799, 150, 63, 2, NULL),
(1800, 150, 64, 8, NULL),
(1801, 150, 65, 4, NULL),
(1802, 151, 62, 2, NULL),
(1803, 151, 63, 12, NULL),
(1804, 151, 64, 12, NULL),
(1805, 151, 65, 4, NULL),
(1806, 152, 62, 9, NULL),
(1807, 152, 63, 12, NULL),
(1808, 152, 64, 8, NULL),
(1809, 152, 65, 6, NULL),
(1810, 153, 62, 15, NULL),
(1811, 153, 63, 0, NULL),
(1812, 153, 64, 14, NULL),
(1813, 153, 65, 21, NULL),
(1814, 154, 62, 0, NULL),
(1815, 154, 63, 0, NULL),
(1816, 154, 64, 0, NULL),
(1817, 154, 65, 0, NULL),
(1818, 155, 62, 13, NULL),
(1819, 155, 63, 13, NULL),
(1820, 155, 64, 13, NULL),
(1821, 155, 65, 19, NULL),
(1822, 156, 62, 14, NULL),
(1823, 156, 63, 10, NULL),
(1824, 156, 64, 13, NULL),
(1825, 156, 65, 9, NULL),
(1826, 157, 62, 15, NULL),
(1827, 157, 63, 10, NULL),
(1828, 157, 64, 7, NULL),
(1829, 157, 65, 13, NULL),
(1830, 158, 62, 14, NULL),
(1831, 158, 63, 13, NULL),
(1832, 158, 64, 15, NULL),
(1833, 158, 65, 5, NULL),
(1834, 159, 62, 9, NULL),
(1835, 159, 63, 7, NULL),
(1836, 159, 64, 8, NULL),
(1837, 159, 65, 18, NULL),
(1838, 160, 62, 14, NULL),
(1839, 160, 63, 12, NULL),
(1840, 160, 64, 11, NULL),
(1841, 160, 65, 15, NULL),
(1842, 161, 62, 14, NULL),
(1843, 161, 63, 13, NULL),
(1844, 161, 64, 11, NULL),
(1845, 161, 65, 18, NULL),
(1846, 162, 62, 14, NULL),
(1847, 162, 63, 13, NULL),
(1848, 162, 64, 11, NULL),
(1849, 162, 65, 22, NULL),
(1850, 163, 62, 14, NULL),
(1851, 163, 63, 13, NULL),
(1852, 163, 64, 10, NULL),
(1853, 163, 65, 18, NULL),
(1854, 164, 62, 0, NULL),
(1855, 164, 63, 2, NULL),
(1856, 164, 64, 8, NULL),
(1857, 164, 65, 2, NULL),
(1858, 165, 62, 14, NULL),
(1859, 165, 63, 13, NULL),
(1860, 165, 64, 13, NULL),
(1861, 165, 65, 27, NULL),
(1862, 166, 62, 19, NULL),
(1863, 166, 63, 13, NULL),
(1864, 166, 64, 9, NULL),
(1865, 166, 65, 21, NULL),
(1866, 167, 62, 9, NULL),
(1867, 167, 63, 13, NULL),
(1868, 167, 64, 15, NULL),
(1869, 167, 65, 6, NULL),
(1870, 168, 62, 0, NULL),
(1871, 168, 63, 12, NULL),
(1872, 168, 64, 12, NULL),
(1873, 168, 65, 12, NULL),
(1874, 169, 62, 0, NULL),
(1875, 169, 63, 10, NULL),
(1876, 169, 64, 7, NULL),
(1877, 169, 65, 14, NULL),
(1878, 170, 62, 9, NULL),
(1879, 170, 63, 13, NULL),
(1880, 170, 64, 11, NULL),
(1881, 170, 65, 26, NULL),
(1882, 171, 62, 18, NULL),
(1883, 171, 63, 13, NULL),
(1884, 171, 64, 15, NULL),
(1885, 171, 65, 9, NULL),
(1886, 172, 62, 14, NULL),
(1887, 172, 63, 12, NULL),
(1888, 172, 64, 15, NULL),
(1889, 172, 65, 5, NULL),
(1890, 173, 62, 10, NULL),
(1891, 173, 63, 8, NULL),
(1892, 173, 64, 11, NULL),
(1893, 173, 65, 9, NULL),
(1894, 174, 62, 14, NULL),
(1895, 174, 63, 5, NULL),
(1896, 174, 64, 10, NULL),
(1897, 174, 65, 15, NULL),
(1898, 175, 62, 18, NULL),
(1899, 175, 63, 13, NULL),
(1900, 175, 64, 15, NULL),
(1901, 175, 65, 9, NULL),
(1902, 176, 62, 18, NULL),
(1903, 176, 63, 13, NULL),
(1904, 176, 64, 13, NULL),
(1905, 176, 65, 7, NULL),
(1906, 146, 66, 6, NULL),
(1907, 147, 66, 0, NULL),
(1908, 148, 66, 0, NULL),
(1909, 149, 66, 0, NULL),
(1910, 150, 66, 9, NULL),
(1911, 151, 66, 6, NULL),
(1912, 152, 66, 11, NULL),
(1913, 153, 66, 12, NULL),
(1914, 154, 66, 0, NULL),
(1915, 155, 66, 23, NULL),
(1916, 156, 66, 10, NULL),
(1917, 157, 66, 12, NULL),
(1918, 158, 66, 19, NULL),
(1919, 159, 66, 11, NULL),
(1920, 160, 66, 0, NULL),
(1921, 161, 66, 0, NULL),
(1922, 162, 66, 0, NULL),
(1923, 163, 66, 0, NULL),
(1924, 164, 66, 23, NULL),
(1925, 165, 66, 9, NULL),
(1926, 166, 66, 19, NULL),
(1927, 167, 66, 19, NULL),
(1928, 168, 66, 9, NULL),
(1929, 169, 66, 9, NULL),
(1930, 170, 66, 19, NULL),
(1931, 171, 66, 20, NULL),
(1932, 172, 66, 17, NULL),
(1933, 173, 66, 12, NULL),
(1934, 174, 66, 24, NULL),
(1935, 175, 66, 24, NULL),
(1936, 176, 66, 24, NULL);

-- --------------------------------------------------------

--
-- Table structure for table `faculty`
--

CREATE TABLE `faculty` (
  `id` int(11) NOT NULL,
  `name` varchar(255) NOT NULL,
  `email` varchar(255) NOT NULL,
  `password` varchar(255) NOT NULL,
  `department_id` varchar(10) NOT NULL
) ENGINE=InnoDB DEFAULT CHARSET=utf8mb4;

--
-- Dumping data for table `faculty`
--

INSERT INTO `faculty` (`id`, `name`, `email`, `password`, `department_id`) VALUES
(111111, 'Mr John', 'faculty@iub.edu.bd', '12345678', 'cse'),
(222222, 'Mr Smith', 'faculty2@iub.edu.bd', '12345678', 'cse'),
(333333, 'Mr Arter', 'faculty3@iub.edu.bd', '12345678', 'cse');

-- --------------------------------------------------------

--
-- Table structure for table `plo`
--

CREATE TABLE `plo` (
  `id` int(11) NOT NULL,
  `indx` int(11) NOT NULL,
  `name` varchar(255) NOT NULL,
  `details` text DEFAULT NULL,
  `program_id` int(11) NOT NULL
) ENGINE=InnoDB DEFAULT CHARSET=utf8mb4;

--
-- Dumping data for table `plo`
--

INSERT INTO `plo` (`id`, `indx`, `name`, `details`, `program_id`) VALUES
(1, 1, 'Knowledge', NULL, 1),
(2, 2, 'Requirement Analysis', NULL, 1),
(3, 3, 'Problem Analysis', NULL, 1),
(4, 4, 'Design', NULL, 1),
(5, 5, 'Problem Solving', NULL, 1),
(6, 6, 'Implementation', NULL, 1),
(7, 7, 'Experiment and Analysis', NULL, 1),
(8, 8, 'Community Engagement & Engg.', NULL, 1),
(9, 9, 'Teamwork', NULL, 1),
(10, 10, 'Communication', NULL, 1),
(11, 11, 'Self-Motivated', NULL, 1),
(12, 12, 'Ethics', NULL, 1),
(13, 13, 'Process Management', NULL, 1);

-- --------------------------------------------------------

--
-- Table structure for table `program`
--

CREATE TABLE `program` (
  `id` int(11) NOT NULL,
  `name` varchar(255) NOT NULL,
  `department_id` varchar(10) NOT NULL,
  `total_credits` int(11) DEFAULT NULL
) ENGINE=InnoDB DEFAULT CHARSET=utf8mb4;

--
-- Dumping data for table `program`
--

INSERT INTO `program` (`id`, `name`, `department_id`, `total_credits`) VALUES
(1, 'BSc', 'cse', 120);

-- --------------------------------------------------------

--
-- Table structure for table `school`
--

CREATE TABLE `school` (
  `id` int(11) NOT NULL,
  `name` varchar(255) NOT NULL,
  `dean` varchar(255) DEFAULT NULL,
  `dean_id` int(11) DEFAULT NULL,
  `university_id` varchar(10) NOT NULL
) ENGINE=InnoDB DEFAULT CHARSET=utf8mb4;

--
-- Dumping data for table `school`
--

INSERT INTO `school` (`id`, `name`, `dean`, `dean_id`, `university_id`) VALUES
(1, 'School of Engineering, Technology & Sciences', 'Mr John', NULL, 'iub');

-- --------------------------------------------------------

--
-- Table structure for table `section`
--

CREATE TABLE `section` (
  `id` int(11) NOT NULL,
  `num` varchar(10) NOT NULL,
  `semester` varchar(30) NOT NULL,
  `course_id` varchar(10) NOT NULL,
  `faculty_id` int(11) DEFAULT NULL
) ENGINE=InnoDB DEFAULT CHARSET=utf8mb4;

--
-- Dumping data for table `section`
--

INSERT INTO `section` (`id`, `num`, `semester`, `course_id`, `faculty_id`) VALUES
(1, 'A', 'Summer-2021', 'cse-303', 111111),
(2, 'B', 'Summer-2021', 'cse-303', 111111),
(3, 'C', 'Summer-2021', 'cse-303', 222222),
(4, 'A', 'Spring-2021', 'cse-201', 222222),
(5, 'B', 'Spring-2021', 'cse-201', 222222),
(6, 'C', 'Spring-2021', 'cse-201', 111111);

-- --------------------------------------------------------

--
-- Table structure for table `student`
--

CREATE TABLE `student` (
  `id` int(11) NOT NULL,
  `name` varchar(255) NOT NULL,
  `email` varchar(255) NOT NULL,
  `password` varchar(255) NOT NULL,
  `program_id` int(11) NOT NULL
) ENGINE=InnoDB DEFAULT CHARSET=utf8mb4;

--
-- Dumping data for table `student`
--

INSERT INTO `student` (`id`, `name`, `email`, `password`, `program_id`) VALUES
(1416455, 'Student1', '1416455@iub.edu.bd', '12345678', 1),
(1528882, 'Student3', '1528882@iub.edu.bd', '12345678', 1),
(1579288, 'Student2', '1579288@iub.edu.bd', '12345678', 1),
(1612985, 'Student18', '1612985@iub.edu.bd', '12345678', 1),
(1613273, 'Student17', '1613273@iub.edu.bd', '12345678', 1),
(1614142, 'Student24', '1614142@iub.edu.bd', '12345678', 1),
(1614733, 'Student27', '1614733@iub.edu.bd', '12345678', 1),
(1616161, 'Student8', '1616161@iub.edu.bd', '12345678', 1),
(1622731, 'Student21', '1622731@iub.edu.bd', '12345678', 1),
(1623112, 'Student19', '1623112@iub.edu.bd', '12345678', 1),
(1625654, 'Student5', '1625654@iub.edu.bd', '12345678', 1),
(1633554, 'Student9', '1633554@iub.edu.bd', '12345678', 1),
(1634352, 'Student29', '1634352@iub.edu.bd', '12345678', 1),
(1641252, 'Student15', '1641252@iub.edu.bd', '12345678', 1),
(1645333, 'Student10', '1645333@iub.edu.bd', '12345678', 1),
(1646434, 'Student23', '1646434@iub.edu.bd', '12345678', 1),
(1653725, 'Student4', '1653725@iub.edu.bd', '12345678', 1),
(1654432, 'Student25', '1654432@iub.edu.bd', '12345678', 1),
(1661638, 'Student30', '1661638@iub.edu.bd', '12345678', 1),
(1662147, 'Student12', '1662147@iub.edu.bd', '12345678', 1),
(1665491, 'Student28', '1665491@iub.edu.bd', '12345678', 1),
(1665555, 'Student7', '1665555@iub.edu.bd', '12345678', 1),
(1668314, 'Student20', '1668314@iub.edu.bd', '12345678', 1),
(1669953, 'Student6', '1669953@iub.edu.bd', '12345678', 1),
(1674181, 'Student14', '1674181@iub.edu.bd', '12345678', 1),
(1678812, 'Student26', '1678812@iub.edu.bd', '12345678', 1),
(1686272, 'Student31', '1686272@iub.edu.bd', '12345678', 1),
(1691291, 'Student11', '1691291@iub.edu.bd', '12345678', 1),
(1691483, 'Student13', '1691483@iub.edu.bd', '12345678', 1),
(1695837, 'Student16', '1695837@iub.edu.bd', '12345678', 1),
(1696326, 'Student22', '1696326@iub.edu.bd', '12345678', 1),
(1711619, 'Student67', '1711619@iub.edu.bd', '12345678', 1),
(1711729, 'Student69', '1711729@iub.edu.bd', '12345678', 1),
(1712983, 'Student61', '1712983@iub.edu.bd', '12345678', 1),
(1715578, 'Student54', '1715578@iub.edu.bd', '12345678', 1),
(1718437, 'Student62', '1718437@iub.edu.bd', '12345678', 1),
(1728125, 'Student41', '1728125@iub.edu.bd', '12345678', 1),
(1728139, 'Student66', '1728139@iub.edu.bd', '12345678', 1),
(1728439, 'Student60', '1728439@iub.edu.bd', '12345678', 1),
(1729416, 'Student32', '1729416@iub.edu.bd', '12345678', 1),
(1731817, 'Student50', '1731817@iub.edu.bd', '12345678', 1),
(1731852, 'Student52', '1731852@iub.edu.bd', '12345678', 1),
(1736425, 'Student59', '1736425@iub.edu.bd', '12345678', 1),
(1737824, 'Student64', '1737824@iub.edu.bd', '12345678', 1),
(1742892, 'Student57', '1742892@iub.edu.bd', '12345678', 1),
(1743714, 'Student39', '1743714@iub.edu.bd', '12345678', 1),
(1745484, 'Student55', '1745484@iub.edu.bd', '12345678', 1),
(1747457, 'Student40', '1747457@iub.edu.bd', '12345678', 1),
(1752538, 'Student51', '1752538@iub.edu.bd', '12345678', 1),
(1754681, 'Student45', '1754681@iub.edu.bd', '12345678', 1),
(1759787, 'Student38', '1759787@iub.edu.bd', '12345678', 1),
(1762565, 'Student71', '1762565@iub.edu.bd', '12345678', 1),
(1763881, 'Student33', '1763881@iub.edu.bd', '12345678', 1),
(1766156, 'Student48', '1766156@iub.edu.bd', '12345678', 1),
(1766176, 'Student53', '1766176@iub.edu.bd', '12345678', 1),
(1768463, 'Student43', '1768463@iub.edu.bd', '12345678', 1),
(1769463, 'Student47', '1769463@iub.edu.bd', '12345678', 1),
(1772947, 'Student49', '1772947@iub.edu.bd', '12345678', 1),
(1773277, 'Student37', '1773277@iub.edu.bd', '12345678', 1),
(1773384, 'Student70', '1773384@iub.edu.bd', '12345678', 1),
(1778274, 'Student35', '1778274@iub.edu.bd', '12345678', 1),
(1781682, 'Student34', '1781682@iub.edu.bd', '12345678', 1),
(1783512, 'Student42', '1783512@iub.edu.bd', '12345678', 1),
(1784847, 'Student63', '1784847@iub.edu.bd', '12345678', 1),
(1788337, 'Student58', '1788337@iub.edu.bd', '12345678', 1),
(1789481, 'Student68', '1789481@iub.edu.bd', '12345678', 1),
(1791753, 'Student56', '1791753@iub.edu.bd', '12345678', 1),
(1795656, 'Student36', '1795656@iub.edu.bd', '12345678', 1),
(1797625, 'Student44', '1797625@iub.edu.bd', '12345678', 1),
(1797789, 'Student65', '1797789@iub.edu.bd', '12345678', 1),
(1798883, 'Student46', '1798883@iub.edu.bd', '12345678', 1),
(1834433, 'Student83', '1834433@iub.edu.bd', '12345678', 1),
(1835298, 'Student75', '1835298@iub.edu.bd', '12345678', 1),
(1835874, 'Student76', '1835874@iub.edu.bd', '12345678', 1),
(1842333, 'Student88', '1842333@iub.edu.bd', '12345678', 1),
(1845457, 'Student85', '1845457@iub.edu.bd', '12345678', 1),
(1849651, 'Student77', '1849651@iub.edu.bd', '12345678', 1),
(1855787, 'Student86', '1855787@iub.edu.bd', '12345678', 1),
(1863951, 'Student74', '1863951@iub.edu.bd', '12345678', 1),
(1868128, 'Student84', '1868128@iub.edu.bd', '12345678', 1),
(1872128, 'Student78', '1872128@iub.edu.bd', '12345678', 1),
(1873255, 'Student82', '1873255@iub.edu.bd', '12345678', 1),
(1877262, 'Student81', '1877262@iub.edu.bd', '12345678', 1),
(1886577, 'Student80', '1886577@iub.edu.bd', '12345678', 1),
(1887973, 'Student79', '1887973@iub.edu.bd', '12345678', 1),
(1892367, 'Student73', '1892367@iub.edu.bd', '12345678', 1),
(1893863, 'Student87', '1893863@iub.edu.bd', '12345678', 1),
(1898334, 'Student72', '1898334@iub.edu.bd', '12345678', 1);

-- --------------------------------------------------------

--
-- Table structure for table `university`
--

CREATE TABLE `university` (
  `id` varchar(10) NOT NULL,
  `name` varchar(255) NOT NULL,
  `address` text NOT NULL,
  `city` varchar(255) NOT NULL,
  `country` varchar(255) NOT NULL,
  `vc` varchar(255) DEFAULT NULL,
  `email` varchar(255) NOT NULL,
  `phone` varchar(20) NOT NULL
) ENGINE=InnoDB DEFAULT CHARSET=utf8mb4;

--
-- Dumping data for table `university`
--

INSERT INTO `university` (`id`, `name`, `address`, `city`, `country`, `vc`, `email`, `phone`) VALUES
('iub', 'Independent University, Bangladesh', 'Plot 16 Block B, Aftabuddin Ahmed Road,  Bashundhara R/A', 'Dhaka', 'Bangladesh', 'Tanweer Hasan', 'info@iub.edu.bd', '+91215611554');

--
-- Indexes for dumped tables
--

--
-- Indexes for table `admin`
--
ALTER TABLE `admin`
  ADD PRIMARY KEY (`id`),
  ADD UNIQUE KEY `email` (`email`),
  ADD KEY `university_id` (`university_id`);

--
-- Indexes for table `assessment`
--
ALTER TABLE `assessment`
  ADD PRIMARY KEY (`id`),
  ADD KEY `section_id` (`section_id`);

--
-- Indexes for table `co`
--
ALTER TABLE `co`
  ADD PRIMARY KEY (`id`),
  ADD KEY `plo_id` (`plo_id`),
  ADD KEY `course_id` (`course_id`),
  ADD KEY `section_id` (`section_id`);

--
-- Indexes for table `course`
--
ALTER TABLE `course`
  ADD PRIMARY KEY (`id`),
  ADD KEY `program_id` (`program_id`);

--
-- Indexes for table `department`
--
ALTER TABLE `department`
  ADD PRIMARY KEY (`id`),
  ADD KEY `school_id` (`school_id`);

--
-- Indexes for table `enrollment`
--
ALTER TABLE `enrollment`
  ADD PRIMARY KEY (`id`),
  ADD KEY `student_id` (`student_id`),
  ADD KEY `section_id` (`section_id`);

--
-- Indexes for table `evaluation`
--
ALTER TABLE `evaluation`
  ADD PRIMARY KEY (`id`),
  ADD KEY `enrollment_id` (`enrollment_id`),
  ADD KEY `assessment_id` (`assessment_id`);

--
-- Indexes for table `faculty`
--
ALTER TABLE `faculty`
  ADD PRIMARY KEY (`id`),
  ADD UNIQUE KEY `email` (`email`),
  ADD KEY `department_id` (`department_id`);

--
-- Indexes for table `plo`
--
ALTER TABLE `plo`
  ADD PRIMARY KEY (`id`),
  ADD KEY `program_id` (`program_id`);

--
-- Indexes for table `program`
--
ALTER TABLE `program`
  ADD PRIMARY KEY (`id`),
  ADD KEY `department_id` (`department_id`);

--
-- Indexes for table `school`
--
ALTER TABLE `school`
  ADD PRIMARY KEY (`id`),
  ADD KEY `university_id` (`university_id`);

--
-- Indexes for table `section`
--
ALTER TABLE `section`
  ADD PRIMARY KEY (`id`),
  ADD KEY `course_id` (`course_id`),
  ADD KEY `faculty_id` (`faculty_id`);

--
-- Indexes for table `student`
--
ALTER TABLE `student`
  ADD PRIMARY KEY (`id`),
  ADD UNIQUE KEY `email` (`email`),
  ADD KEY `program_id` (`program_id`);

--
-- Indexes for table `university`
--
ALTER TABLE `university`
  ADD PRIMARY KEY (`id`);

--
-- AUTO_INCREMENT for dumped tables
--

--
-- AUTO_INCREMENT for table `admin`
--
ALTER TABLE `admin`
  MODIFY `id` int(11) NOT NULL AUTO_INCREMENT, AUTO_INCREMENT=3;

--
-- AUTO_INCREMENT for table `assessment`
--
ALTER TABLE `assessment`
  MODIFY `id` int(11) NOT NULL AUTO_INCREMENT, AUTO_INCREMENT=67;

--
-- AUTO_INCREMENT for table `co`
--
ALTER TABLE `co`
  MODIFY `id` int(11) NOT NULL AUTO_INCREMENT, AUTO_INCREMENT=59;

--
-- AUTO_INCREMENT for table `enrollment`
--
ALTER TABLE `enrollment`
  MODIFY `id` int(11) NOT NULL AUTO_INCREMENT, AUTO_INCREMENT=177;

--
-- AUTO_INCREMENT for table `evaluation`
--
ALTER TABLE `evaluation`
  MODIFY `id` int(11) NOT NULL AUTO_INCREMENT, AUTO_INCREMENT=1937;

--
-- AUTO_INCREMENT for table `plo`
--
ALTER TABLE `plo`
  MODIFY `id` int(11) NOT NULL AUTO_INCREMENT, AUTO_INCREMENT=14;

--
-- AUTO_INCREMENT for table `program`
--
ALTER TABLE `program`
  MODIFY `id` int(11) NOT NULL AUTO_INCREMENT, AUTO_INCREMENT=2;

--
-- AUTO_INCREMENT for table `school`
--
ALTER TABLE `school`
  MODIFY `id` int(11) NOT NULL AUTO_INCREMENT, AUTO_INCREMENT=2;

--
-- AUTO_INCREMENT for table `section`
--
ALTER TABLE `section`
  MODIFY `id` int(11) NOT NULL AUTO_INCREMENT, AUTO_INCREMENT=7;

--
-- Constraints for dumped tables
--

--
-- Constraints for table `admin`
--
ALTER TABLE `admin`
  ADD CONSTRAINT `admin_ibfk_1` FOREIGN KEY (`university_id`) REFERENCES `university` (`id`);

--
-- Constraints for table `assessment`
--
ALTER TABLE `assessment`
  ADD CONSTRAINT `assessment_ibfk_1` FOREIGN KEY (`section_id`) REFERENCES `section` (`id`);

--
-- Constraints for table `co`
--
ALTER TABLE `co`
  ADD CONSTRAINT `co_ibfk_1` FOREIGN KEY (`plo_id`) REFERENCES `plo` (`id`),
  ADD CONSTRAINT `co_ibfk_2` FOREIGN KEY (`course_id`) REFERENCES `course` (`id`),
  ADD CONSTRAINT `co_ibfk_3` FOREIGN KEY (`section_id`) REFERENCES `section` (`id`);

--
-- Constraints for table `course`
--
ALTER TABLE `course`
  ADD CONSTRAINT `course_ibfk_1` FOREIGN KEY (`program_id`) REFERENCES `program` (`id`);

--
-- Constraints for table `department`
--
ALTER TABLE `department`
  ADD CONSTRAINT `department_ibfk_1` FOREIGN KEY (`school_id`) REFERENCES `school` (`id`);

--
-- Constraints for table `enrollment`
--
ALTER TABLE `enrollment`
  ADD CONSTRAINT `enrollment_ibfk_1` FOREIGN KEY (`student_id`) REFERENCES `student` (`id`),
  ADD CONSTRAINT `enrollment_ibfk_2` FOREIGN KEY (`section_id`) REFERENCES `section` (`id`);

--
-- Constraints for table `evaluation`
--
ALTER TABLE `evaluation`
  ADD CONSTRAINT `evaluation_ibfk_1` FOREIGN KEY (`enrollment_id`) REFERENCES `enrollment` (`id`),
  ADD CONSTRAINT `evaluation_ibfk_2` FOREIGN KEY (`assessment_id`) REFERENCES `assessment` (`id`);

--
-- Constraints for table `faculty`
--
ALTER TABLE `faculty`
  ADD CONSTRAINT `faculty_ibfk_1` FOREIGN KEY (`department_id`) REFERENCES `department` (`id`);

--
-- Constraints for table `plo`
--
ALTER TABLE `plo`
  ADD CONSTRAINT `plo_ibfk_1` FOREIGN KEY (`program_id`) REFERENCES `program` (`id`);

--
-- Constraints for table `program`
--
ALTER TABLE `program`
  ADD CONSTRAINT `program_ibfk_1` FOREIGN KEY (`department_id`) REFERENCES `department` (`id`);

--
-- Constraints for table `school`
--
ALTER TABLE `school`
  ADD CONSTRAINT `school_ibfk_1` FOREIGN KEY (`university_id`) REFERENCES `university` (`id`);

--
-- Constraints for table `section`
--
ALTER TABLE `section`
  ADD CONSTRAINT `section_ibfk_1` FOREIGN KEY (`course_id`) REFERENCES `course` (`id`),
  ADD CONSTRAINT `section_ibfk_2` FOREIGN KEY (`faculty_id`) REFERENCES `faculty` (`id`);

--
-- Constraints for table `student`
--
ALTER TABLE `student`
  ADD CONSTRAINT `student_ibfk_1` FOREIGN KEY (`program_id`) REFERENCES `program` (`id`);
COMMIT;

/*!40101 SET CHARACTER_SET_CLIENT=@OLD_CHARACTER_SET_CLIENT */;
/*!40101 SET CHARACTER_SET_RESULTS=@OLD_CHARACTER_SET_RESULTS */;
/*!40101 SET COLLATION_CONNECTION=@OLD_COLLATION_CONNECTION */;
